name,main_category,sub_category,image,link,ratings,no_of_ratings,discount_price,actual_price
Belladona Women's & Girls' Handbag (POH_7_Black),stores,Fashion Sales & Deals,https://m.media-amazon.com/images/W/IMAGERENDERING_521856-T2/images/I/41RRMBKpRCL._AC_UL320_.jpg,https://www.amazon.in/Belladona-Leather-Small-Pouch-Women/dp/B078LPDN6D/ref=sr_1_5?qid=1679152724&s=apparel&sr=1-5,4.0,"1,140",₹389,₹999
Elios Long Black PU Leather Wallet for Women (Black),stores,Fashion Sales & Deals,https://m.media-amazon.com/images/W/IMAGERENDERING_521856-T2/images/I/61Y2eoUhz8L._AC_UL320_.jpg,https://www.amazon.in/Elios-Black-Womens-Wallet/dp/B071SJBYVW/ref=sr_1_6?qid=1679152724&s=apparel&sr=1-6,4.0,"4,801",₹549,"₹1,299"
Urban Forest Tammy Ladies Leather Wallet Combo,stores,Fashion Sales & Deals,https://m.media-amazon.com/images/W/IMAGERENDERING_521856-T2/images/I/815PlByVCyL._AC_UL320_.jpg,https://www.amazon.in/Urban-Forest-Tammy-Leather-Wallet-Pen/dp/B07B3P1KD1/ref=sr_1_7?qid=1679152724&s=apparel&sr=1-7,4.3,"1,375",₹839,₹899
Young & Forever Women's Black Owl Fashion Backpack Handbag,stores,Fashion Sales & Deals,https://m.media-amazon.com/images/W/IMAGERENDERING_521856-T2/images/I/71c1qZFqDpL._AC_UL320_.jpg,https://www.amazon.in/Young-Forever-Backpack-Handbag-Black_Hb40154/dp/B07283WBCW/ref=sr_1_8?qid=1679152724&s=apparel&sr=1-8,3.6,23,"₹1,800","₹8,730"
WOMEN MARKS Girls' & Women's Sling Bag (wmhhs_flap_Cream),stores,Fashion Sales & Deals,https://m.media-amazon.com/images/W/IMAGERENDERING_521856-T2/images/I/41v36IBHnUL._AC_UL320_.jpg,https://www.amazon.in/WOMEN-MARKS-HAND-SLING-CREAM/dp/B01N4484QL/ref=sr_1_9?qid=1679152724&s=apparel&sr=1-9,4.0,"2,959",₹663,"₹2,199"
LAPIS O LUPO Hand bag for women small Synthetic Leather ladies Crossbody Sling Purse Travel Shoulder Strap,stores,Fashion Sales & Deals,https://m.media-amazon.com/images/W/IMAGERENDERING_521856-T2/images/I/71MgqmtEVoL._AC_UL320_.jpg,https://www.amazon.in/Lapis-Lupo-Brunet-Womens-Handbag/dp/B07FKMYR7N/ref=sr_1_10?qid=1679152724&s=apparel&sr=1-10,4.2,555,₹671,₹777
COSMUS Men's Sling Bag (Red & Black),stores,Fashion Sales & Deals,https://m.media-amazon.com/images/W/IMAGERENDERING_521856-T2/images/I/71D24ob+Z3L._AC_UL320_.jpg,https://www.amazon.in/COSMUS-Polyester-Fabric-Black-Messenger/dp/B078JW3TWY/ref=sr_1_11?qid=1679152724&s=apparel&sr=1-11,4.3,997,₹487,₹899
Fostelo Handbag For Women And Girls | Ladies Purse Faux Leather Satchel Bag | Woman Gifts | Wedding Gifts For Women | Wome...,stores,Fashion Sales & Deals,https://m.media-amazon.com/images/W/IMAGERENDERING_521856-T2/images/I/71urS9K23xL._AC_UL320_.jpg,https://www.amazon.in/Fostelo-Jane-Womens-Handbag-Grey/dp/B072VDK5M7/ref=sr_1_12?qid=1679152724&s=apparel&sr=1-12,3.8,"1,248",₹629,"₹2,799"
Fostelo Handbag For Women And Girls | Ladies Purse Faux Leather Satchel Bag | Woman Gifts | Wedding Gifts For Women | Wome...,stores,Fashion Sales & Deals,https://m.media-amazon.com/images/W/IMAGERENDERING_521856-T2/images/I/8150jqsVvEL._AC_UL320_.jpg,https://www.amazon.in/Fostelo-Westside-Womens-Handbag-Light/dp/B07D7V7Z2C/ref=sr_1_13?qid=1679152724&s=apparel&sr=1-13,4.1,"6,022",₹629,"₹2,299"
WildHorn Leather 8.5 inch Sling Messenger Bag for Men I Multipurpose Crossbody Bag I Travel Bag with Adjustable Strap I DI...,stores,Fashion Sales & Deals,https://m.media-amazon.com/images/W/IMAGERENDERING_521856-T2/images/I/91gmtJpPPLL._AC_UL320_.jpg,https://www.amazon.in/WildHorn-Genuine-Leather-Messenger-8-5inch/dp/B07GLHSB86/ref=sr_1_14?qid=1679152724&s=apparel&sr=1-14,4.3,879,"₹1,850","₹4,999"
DAHSHA Stylish Nylon Small Sling Cross Body Travel Bag for Business Office Messenger One Side Shoulder Carry Bag For Men &...,stores,Fashion Sales & Deals,https://m.media-amazon.com/images/W/IMAGERENDERING_521856-T2/images/I/91MdZ8pSGkL._AC_UL320_.jpg,https://www.amazon.in/DAHSHA-Multipurpose-Travel-Duffel-13X7x11-inch/dp/B07GCLJTZF/ref=sr_1_15?qid=1679152724&s=apparel&sr=1-15,3.9,357,₹699,"₹1,999"
KLEIO Women's & Girls' Sling Bag,stores,Fashion Sales & Deals,https://m.media-amazon.com/images/W/IMAGERENDERING_521856-T2/images/I/81++tJHUKsL._AC_UL320_.jpg,https://www.amazon.in/Kleio-Womens-Sling-Black-Bnb315Ly-Bl/dp/B01CZJH85I/ref=sr_1_16?qid=1679152724&s=apparel&sr=1-16,4.2,"3,639",₹649.26,"₹1,199"
ADISA Women's Sling Bag,stores,Fashion Sales & Deals,https://m.media-amazon.com/images/W/IMAGERENDERING_521856-T2/images/I/716kOV7+5wL._AC_UL320_.jpg,https://www.amazon.in/ADISA-SL5013-black-women-girls/dp/B07DVM41CW/ref=sr_1_17?qid=1679152724&s=apparel&sr=1-17,4.0,"2,750",₹495,"₹1,499"
ShopMantra Vector Tribal Ethnic Pattern Multicolored Faux Leather Women's Wallet (LW00000194),stores,Fashion Sales & Deals,https://m.media-amazon.com/images/W/IMAGERENDERING_521856-T2/images/I/71ox+ywtAcL._AC_UL320_.jpg,https://www.amazon.in/ShopMantra-LW00000194-Shopmantra-Multicolor-Womens/dp/B01BYIFS6M/ref=sr_1_18?qid=1679152724&s=apparel&sr=1-18,4.1,"3,369",₹495,"₹1,999"
K London Dark Brown Artificial Leather Handmade Men & Women Laptop Bag Cross Over Shoulder Messenger Bag Office Bag (1102_...,stores,Fashion Sales & Deals,https://m.media-amazon.com/images/W/IMAGERENDERING_521856-T2/images/I/71ZiGBT0JxL._AC_UL320_.jpg,https://www.amazon.in/London-Artificial-Handmade-Messenger-1102_darkbrn/dp/B078BH7XV5/ref=sr_1_19?qid=1679152724&s=apparel&sr=1-19,4.2,"1,525","₹1,109","₹3,000"
"HAMMONDS FLYCATCHER Genuine Leather Laptop Bag for Men/Office Bag for Men, Brown | Fits Upto 16"" Laptop/MacBook| Bag with ...",stores,Fashion Sales & Deals,https://m.media-amazon.com/images/W/IMAGERENDERING_521856-T2/images/I/91-6OhicAGL._AC_UL320_.jpg,https://www.amazon.in/Hammonds-Flycatcher-Leather-Brown-Briefcase/dp/B0718Z175J/ref=sr_1_20?qid=1679152724&s=apparel&sr=1-20,4.4,"2,594","₹4,181","₹9,999"
K London Laptop Messenger Bag(1803),stores,Fashion Sales & Deals,https://m.media-amazon.com/images/W/IMAGERENDERING_521856-T2/images/I/818LvXOuG6L._AC_UL320_.jpg,https://www.amazon.in/London-Leatherite-Messenger-Compartment-1803_tan/dp/B073SZ9BNP/ref=sr_1_24?qid=1679152724&s=apparel&sr=1-24,4.3,"1,361",,"₹1,189"
ADISA Women's & Girls' Sling Bag,stores,Fashion Sales & Deals,https://m.media-amazon.com/images/W/IMAGERENDERING_521856-T2/images/I/617+LuAAQsL._AC_UL320_.jpg,https://www.amazon.in/ADISA-SL5003-black-women-girls/dp/B074KRPMXJ/ref=sr_1_25?qid=1679152724&s=apparel&sr=1-25,4.0,"1,308",₹495,"₹1,499"
CARRY TRIP Men's Messenger Bags (Brown),stores,Fashion Sales & Deals,https://m.media-amazon.com/images/W/IMAGERENDERING_521856-T2/images/I/61c2E6J80vL._AC_UL320_.jpg,https://www.amazon.in/CARRY-TRIP-Messenger-bag-04/dp/B07CRX9QD2/ref=sr_1_26?qid=1679152724&s=apparel&sr=1-26,4.0,360,"₹1,299","₹3,999"
SHOPPOSTREET Bucket Barrel Shaped Cosmetic Makeup Bag Travel Case Pouch(Multi Color),stores,Fashion Sales & Deals,https://m.media-amazon.com/images/W/IMAGERENDERING_521856-T2/images/I/61je3FWWL2L._AC_UL320_.jpg,https://www.amazon.in/ShoppoStreet-Bucket-Barrel-Shaped-Cosmetic/dp/B07BGXN64X/ref=sr_1_27?qid=1679152724&s=apparel&sr=1-27,4.2,508,₹289,₹599
KLEIO Jacquard Stylish Sling bag for Women/Girls,stores,Fashion Sales & Deals,https://m.media-amazon.com/images/W/IMAGERENDERING_521856-T2/images/I/81LMNRb4p2L._AC_UL320_.jpg,https://www.amazon.in/Kleio-Jacquard-Stylish-Canvas-Ezl3003Kl-M1/dp/B079DTJF29/ref=sr_1_28?qid=1679152724&s=apparel&sr=1-28,4.1,"1,344",₹889,"₹1,399"
Trajectory 100% Vegan Leather 16 Inch Laptop Office Messenger bag for all laptop like Apple MacBook with 2 Years Warranty ...,stores,Fashion Sales & Deals,https://m.media-amazon.com/images/W/IMAGERENDERING_521856-T2/images/I/811V4PqPjzL._AC_UL320_.jpg,https://www.amazon.in/Trajectory-Professional-Black-Messenger-Laptop/dp/B07C238D1M/ref=sr_1_29?qid=1679152724&s=apparel&sr=1-29,3.9,"1,055","₹1,399","₹2,500"
Lapis O Lupo Women Fashion Cross-body Leatherette Adjustable Sling Bags,stores,Fashion Sales & Deals,https://m.media-amazon.com/images/W/IMAGERENDERING_521856-T2/images/I/61H6IZgl7kL._AC_UL320_.jpg,https://www.amazon.in/Lapis-Lupo-Womens-Sling-Llsl0026Bl/dp/B07C81Y5TN/ref=sr_1_30?qid=1679152724&s=apparel&sr=1-30,4.1,"1,289",₹374,"₹1,199"
ShopMantra Little Owl Vector Art Design Pattern Multicolored Faux Leather Printed Women's Wallet | Ladies Purse | Clutch |...,stores,Fashion Sales & Deals,https://m.media-amazon.com/images/W/IMAGERENDERING_521856-T2/images/I/81q18EgejYL._AC_UL320_.jpg,https://www.amazon.in/ShopMantra-LW00000152-Multicolor-Womens-Wallet/dp/B01BYIDZGC/ref=sr_1_31?qid=1679152724&s=apparel&sr=1-31,4.1,465,₹490,"₹1,999"
PARADOX (LABEL) Women's Clutch,stores,Fashion Sales & Deals,https://m.media-amazon.com/images/W/IMAGERENDERING_521856-T2/images/I/81UxzujYlzL._AC_UL320_.jpg,https://www.amazon.in/PARADOX-LABEL-Clutches-Evening-Handbags/dp/B079RC2VT9/ref=sr_1_32?qid=1679152724&s=apparel&sr=1-32,4.3,"1,712",₹849,"₹2,599"
H&B Jute Lunch Bag (LNH-PATTERN 1-WHT_Multicolored),stores,Fashion Sales & Deals,https://m.media-amazon.com/images/W/IMAGERENDERING_521856-T2/images/I/71kpnFTFg8L._AC_UL320_.jpg,https://www.amazon.in/Womens-Multicolour-Lunch-Bag/dp/B06XSRTPDL/ref=sr_1_33?qid=1679152724&s=apparel&sr=1-33,4.1,354,₹315,₹999
KLEIO Women's Sling Bag,stores,Fashion Sales & Deals,https://m.media-amazon.com/images/W/IMAGERENDERING_521856-T2/images/I/71vmsQvifVS._AC_UL320_.jpg,https://www.amazon.in/Kleio-Designer-Double-Compartment-EDK1035KL-BL/dp/B0787BDZDY/ref=sr_1_34?qid=1679152724&s=apparel&sr=1-34,4.3,"1,756",₹699,"₹1,399"
"HAMMONDS FLYCATCHER Genuine Leather Laptop Bag for Men/Office Bag for Men, Brown | Fits Upto 16 Inch Laptop/MacBook | Cros...",stores,Fashion Sales & Deals,https://m.media-amazon.com/images/W/IMAGERENDERING_521856-T2/images/I/91awfU13nTL._AC_UL320_.jpg,https://www.amazon.in/Hammonds-Flycatcher-Leather-Brown-Laptop/dp/B01J1LCFMO/ref=sr_1_35?qid=1679152724&s=apparel&sr=1-35,4.4,835,"₹3,361","₹9,999"
WildHorn® Leather 8.5 inch Sling Messenger Bag for Men I Multipurpose Crossbody Bag I Travel Bag with Adjustable Strap I D...,stores,Fashion Sales & Deals,https://m.media-amazon.com/images/W/IMAGERENDERING_521856-T2/images/I/91g2ILMG-TL._AC_UL320_.jpg,https://www.amazon.in/WildHorn-Leather-WomensSoftsided-MB205-TAN/dp/B0792YVZ64/ref=sr_1_36?qid=1679152724&s=apparel&sr=1-36,4.1,696,"₹1,859","₹4,999"
Caprese Women's Handbag,stores,Fashion Sales & Deals,https://m.media-amazon.com/images/W/IMAGERENDERING_521856-T2/images/I/61DrjmXJ8vL._AC_UL320_.jpg,https://www.amazon.in/Caprese-Shyla-Womens-Sling-Peach/dp/B07GLLKSRX/ref=sr_1_37?qid=1679152724&s=apparel&sr=1-37,3.9,538,₹739,"₹2,149"
KLEIO Women's Sling Bag,stores,Fashion Sales & Deals,https://m.media-amazon.com/images/W/IMAGERENDERING_521856-T2/images/I/81n-3A6Zk-L._AC_UL320_.jpg,https://www.amazon.in/Kleio-Womens-Sling-Black-BnB306LY-Bl/dp/B01CZJGN0E/ref=sr_1_38?qid=1679152724&s=apparel&sr=1-38,4.1,962,₹626.10,"₹1,199"
K London Black & Pink Synthetic Women's Wallet (1515_Black_Pink),stores,Fashion Sales & Deals,https://m.media-amazon.com/images/W/IMAGERENDERING_521856-T2/images/I/61VpacVz7mL._AC_UL320_.jpg,https://www.amazon.in/London-Stylish-Zipped-Pocket-Wallet/dp/B015RRQI42/ref=sr_1_39?qid=1679152724&s=apparel&sr=1-39,4.1,565,₹390,"₹1,500"
Lino Perros Women's Clutch,stores,Fashion Sales & Deals,https://m.media-amazon.com/images/W/IMAGERENDERING_521856-T2/images/I/61e9ZFKdf+L._AC_UL320_.jpg,https://www.amazon.in/Lino-Perros-Womens-Clutch-Black/dp/B00QLX234Q/ref=sr_1_40?qid=1679152724&s=apparel&sr=1-40,4.1,"1,202",₹427,"₹1,095"
Fostelo Clutch For Women And Girls | Ladies Wallet Faux Leather Clutch | Woman Gifts | Wedding Gifts For Woman | Women 8 C...,stores,Fashion Sales & Deals,https://m.media-amazon.com/images/W/IMAGERENDERING_521856-T2/images/I/71W8r-gURtL._AC_UL320_.jpg,https://www.amazon.in/Fostelo-Versatile-Womens-Clutch-Blue/dp/B076MT1CBC/ref=sr_1_41?qid=1679152724&s=apparel&sr=1-41,4.2,"2,175",₹399,"₹1,499"
K London Stylish Brown Long Women Purse Wallet Clutch with Loop Closure & 2 Zipped Pockets-AZ01_Leather_BRN,stores,Fashion Sales & Deals,https://m.media-amazon.com/images/W/IMAGERENDERING_521856-T2/images/I/612xZacG4FL._AC_UL320_.jpg,https://www.amazon.in/London-Brown-Leather-Womens-Wallet/dp/B0108YTU12/ref=sr_1_42?qid=1679152724&s=apparel&sr=1-42,4.3,865,₹849,"₹2,000"
RangTeq Unisex Canvas Jute Yoga Print Beige Bag with top Zipper - Combo of 3,stores,Fashion Sales & Deals,https://m.media-amazon.com/images/W/IMAGERENDERING_521856-T2/images/I/81LbmJ6g+DL._AC_UL320_.jpg,https://www.amazon.in/RangTeq-Unisex-Canvas-Yoga-Bag/dp/B07CLVV16M/ref=sr_1_43?qid=1679152724&s=apparel&sr=1-43,4.1,511,₹380,₹999
Lavie Women's Cetan Vertical Sling Bag | Ladies Purse Handbag,stores,Fashion Sales & Deals,https://m.media-amazon.com/images/W/IMAGERENDERING_521856-T2/images/I/71omD8iuB3L._AC_UL320_.jpg,https://www.amazon.in/Lavie-Cetan-Womens-Sling-Navy/dp/B07G8D2DRD/ref=sr_1_44?qid=1679152724&s=apparel&sr=1-44,4.1,471,"₹1,317","₹3,990"
WOMEN MARKS Women's Handbag (Brown),stores,Fashion Sales & Deals,https://m.media-amazon.com/images/W/IMAGERENDERING_521856-T2/images/I/41l6VFfhYAL._AC_UL320_.jpg,https://www.amazon.in/Women-Marks-Womens-Handbag-Brown/dp/B01N54QCAL/ref=sr_1_45?qid=1679152724&s=apparel&sr=1-45,3.8,"2,168",₹719,"₹2,199"
Trajectory 100% Vegan Leather 16 Inch Laptop Office Messenger bag for all laptop like Apple MacBook with 2 Years Warranty ...,stores,Fashion Sales & Deals,https://m.media-amazon.com/images/W/IMAGERENDERING_521856-T2/images/I/91e3-rqkgKL._AC_UL320_.jpg,https://www.amazon.in/Trajectory-Elegant-Messenger-Laptop-Professionals/dp/B07DMMYLM7/ref=sr_1_46?qid=1679152724&s=apparel&sr=1-46,3.7,"1,203","₹1,399","₹2,500"
Lavie Women's Kami Multi-Ultilty Mobile Wallet | Ladies Handbag | Detachable Sling Strap,stores,Fashion Sales & Deals,https://m.media-amazon.com/images/W/IMAGERENDERING_521856-T2/images/I/81nDhGV80CL._AC_UL320_.jpg,https://www.amazon.in/Lavie-Kami-Womens-Wallet-Red/dp/B07G8D2DQ4/ref=sr_1_47?qid=1679152724&s=apparel&sr=1-47,4.0,948,₹599,"₹1,890"
LAPIS O LUPO Women Fashion Cross-body Leatherette Adjustable Sling Bags…,stores,Fashion Sales & Deals,https://m.media-amazon.com/images/W/IMAGERENDERING_521856-T2/images/I/71Y+yKTyhiL._AC_UL320_.jpg,https://www.amazon.in/Lapis-Lupo-Womens-Llsl0015Tq-Turquoise/dp/B071CV8856/ref=sr_1_48?qid=1679152724&s=apparel&sr=1-48,4.1,"1,056",₹462,"₹1,099"
KLEIO Jacquard Stylish Sling bag for Women/Girls,stores,Fashion Sales & Deals,https://m.media-amazon.com/images/W/IMAGERENDERING_521856-T2/images/I/81ec481T0CL._AC_UL320_.jpg,https://www.amazon.in/Kleio-Womens-Canvas-Sling-Multicolour/dp/B079DTB64P/ref=sr_1_49?qid=1679152724&s=apparel&sr=1-49,4.0,431,₹838,"₹1,399"
Trends Unisex Sling Bag (Navy Blue),stores,Fashion Sales & Deals,https://m.media-amazon.com/images/W/IMAGERENDERING_521856-T2/images/I/81ommQEcjcL._AC_UL320_.jpg,https://www.amazon.in/Trends-Light-Weight-Unisex-Sling/dp/B077MP2XFD/ref=sr_1_50?qid=1679152724&s=apparel&sr=1-50,3.9,746,₹329,₹769
TOOBA Women's Grapes Work Box Clutch,stores,Fashion Sales & Deals,https://m.media-amazon.com/images/W/IMAGERENDERING_521856-T2/images/I/51w4gY97rtL._AC_UL320_.jpg,https://www.amazon.in/Tooba-Womens-Grapes-Clutch-Beige_grapes_7x4/dp/B07B6PNL41/ref=sr_1_51?qid=1679152724&s=apparel&sr=1-51,4.1,"2,388",₹307,"₹4,999"
Caprese Women's Satchel handbag (Blue),stores,Fashion Sales & Deals,https://m.media-amazon.com/images/W/IMAGERENDERING_521856-T2/images/I/71Bm5Kym6DL._AC_UL320_.jpg,https://www.amazon.in/Caprese-Phoenix-Womens-Sling-Blue/dp/B07DR1L45Y/ref=sr_1_52?qid=1679152724&s=apparel&sr=1-52,4.0,66,₹709,"₹2,399"
H&B Jute Lunch Bag (LOVEGRSYWGMN_Maroon),stores,Fashion Sales & Deals,https://m.media-amazon.com/images/W/IMAGERENDERING_521856-T2/images/I/81jTMhm9foL._AC_UL320_.jpg,https://www.amazon.in/Womens-Jute-Bag-Tiffin-Maroon/dp/B07GWP8SDQ/ref=sr_1_53?qid=1679152724&s=apparel&sr=1-53,3.9,994,₹269,₹599
Urban Forest Tina Ladies Leather Wallet,stores,Fashion Sales & Deals,https://m.media-amazon.com/images/W/IMAGERENDERING_521856-T2/images/I/81mqJFFe08L._AC_UL320_.jpg,https://www.amazon.in/Urban-Forest-Womens-Wallet-Ubf101Lbl5001/dp/B019ZBVC92/ref=sr_1_54?qid=1679152724&s=apparel&sr=1-54,4.4,"1,442",,₹795
"Eco Right Canvas Tote Bag for Women & Girls, Made of Organic Cotton",stores,Fashion Sales & Deals,https://m.media-amazon.com/images/W/IMAGERENDERING_521856-T2/images/I/61Si+4z4+5L._AC_UL320_.jpg,https://www.amazon.in/EcoRight-Womens-Cotton-Porcupine-Printed/dp/B078ZXSKBH/ref=sr_1_55?qid=1679152724&s=apparel&sr=1-55,4.2,572,,₹399
"Bag-Age Boy's Sling Cross Body Travel Office Business Messenger Shoulder Bag for Men & Women, Sturdy messanger for collag...",stores,Fashion Sales & Deals,https://m.media-amazon.com/images/W/IMAGERENDERING_521856-T2/images/I/516wOgdN3GL._AC_UL320_.jpg,https://www.amazon.in/Bag-Age-Unisex-Ltrs-Polyester-Messenger/dp/B011NZUOII/ref=sr_1_53?qid=1679152726&s=apparel&sr=1-53,4.0,769,₹315,₹999
Tooba Women's Clutch,stores,Fashion Sales & Deals,https://m.media-amazon.com/images/W/IMAGERENDERING_521856-T2/images/I/81kAl7HbCGL._AC_UL320_.jpg,https://www.amazon.in/Tooba-Womens-Clutch-Mirror-6X4_1/dp/B01MUQ9T4Q/ref=sr_1_54?qid=1679152726&s=apparel&sr=1-54,4.0,726,₹307,"₹2,999"
Lychee bags Girl's Sling Bag,stores,Fashion Sales & Deals,https://m.media-amazon.com/images/W/IMAGERENDERING_521856-T2/images/I/61x8sNPIosL._AC_UL320_.jpg,https://www.amazon.in/Lychee-Womens-Sling-Black-Lbhbcp14Po/dp/B017ETLHTC/ref=sr_1_55?qid=1679152726&s=apparel&sr=1-55,4.0,798,₹455,"₹1,199"
Lino Perros Women's Clutch,stores,Fashion Sales & Deals,https://m.media-amazon.com/images/W/IMAGERENDERING_521856-T2/images/I/A1P4SD9kOuL._AC_UL320_.jpg,https://www.amazon.in/Lino-Perros-Womens-Clutch-Golden/dp/B01M728R4K/ref=sr_1_56?qid=1679152726&s=apparel&sr=1-56,4.0,326,₹829,"₹2,495"
LEADERACHI Men Messenger Bag Muskat,stores,Fashion Sales & Deals,https://m.media-amazon.com/images/W/IMAGERENDERING_521856-T2/images/I/71gC2c+BZkL._AC_UL320_.jpg,https://www.amazon.in/Leaderachi-Muskat-Hunter-Leather-Messenger/dp/B00W97B1SM/ref=sr_1_57?qid=1679152726&s=apparel&sr=1-57,4.1,456,"₹2,997","₹9,999"
ADISA Women's & Girls Clutch,stores,Fashion Sales & Deals,https://m.media-amazon.com/images/W/IMAGERENDERING_521856-T2/images/I/81GZ1E2CIAL._AC_UL320_.jpg,https://www.amazon.in/ADISA-CL023-women-girls-clutch/dp/B06XP3B3ZN/ref=sr_1_58?qid=1679152726&s=apparel&sr=1-58,3.8,579,₹495,"₹1,499"
GENWAYNE Leather Women's Handbag,stores,Fashion Sales & Deals,https://m.media-amazon.com/images/W/IMAGERENDERING_521856-T2/images/I/71lWvQt18LL._AC_UL320_.jpg,https://www.amazon.in/GenWayne-Leather-Womens-Handbag-Brown/dp/B079HZS9K1/ref=sr_1_59?qid=1679152726&s=apparel&sr=1-59,4.1,281,"₹1,888","₹4,500"
Hidesign Women's Handbag (Green),stores,Fashion Sales & Deals,https://m.media-amazon.com/images/W/IMAGERENDERING_521856-T2/images/I/71PC9fb03RL._AC_UL320_.jpg,https://www.amazon.in/Hidesign-Exclusive-Womens-Shoulder-Green/dp/B01N5CO47L/ref=sr_1_60?qid=1679152726&s=apparel&sr=1-60,4.4,32,"₹5,301","₹10,395"
CREATURE Polyurethane Women Clutch(Maroon),stores,Fashion Sales & Deals,https://m.media-amazon.com/images/W/IMAGERENDERING_521856-T2/images/I/81aw-OqGObL._AC_UL320_.jpg,https://www.amazon.in/CREATURE-Stylish-Multiple-Color-Maroon-CL-01/dp/B078JM4X8H/ref=sr_1_61?qid=1679152726&s=apparel&sr=1-61,3.9,"1,229",₹648,"₹2,499"
Butterflies Women's Clutch Or Wallet,stores,Fashion Sales & Deals,https://m.media-amazon.com/images/W/IMAGERENDERING_521856-T2/images/I/71dfYF50rZL._AC_UL320_.jpg,https://www.amazon.in/Butterflies-Womens-Wallet-Multi-Color/dp/B00KPPC4MM/ref=sr_1_62?qid=1679152726&s=apparel&sr=1-62,3.8,438,₹499,"₹1,699"
Fostelo Handbag For Women And Girls | Ladies Purse Faux Leather Satchel Bag | Woman Gifts | Wedding Gifts For Women | Wome...,stores,Fashion Sales & Deals,https://m.media-amazon.com/images/W/IMAGERENDERING_521856-T2/images/I/71JbWkdffCL._AC_UL320_.jpg,https://www.amazon.in/Fostelo-Westside-Womens-Handbag-Beige/dp/B0136TG3L6/ref=sr_1_63?qid=1679152726&s=apparel&sr=1-63,4.0,"6,635",₹629,"₹2,799"
H&B Jute Lunch Bag (GGLYCRT01_Beige),stores,Fashion Sales & Deals,https://m.media-amazon.com/images/W/IMAGERENDERING_521856-T2/images/I/61KnmB3cv0L._AC_UL320_.jpg,https://www.amazon.in/Womens-Multipurpose-Waterproof-Jute-Beige/dp/B07DGHX6VZ/ref=sr_1_64?qid=1679152726&s=apparel&sr=1-64,4.1,190,₹314,₹399
Caprese Women's Sling Bag (Rust),stores,Fashion Sales & Deals,https://m.media-amazon.com/images/W/IMAGERENDERING_521856-T2/images/I/81GUxedrsdL._AC_UL320_.jpg,https://www.amazon.in/Caprese-Phoenix-Womens-Sling-Rust/dp/B07DR2S582/ref=sr_1_65?qid=1679152726&s=apparel&sr=1-65,4.1,56,₹999,"₹2,399"
KLEIO Womens Tote Shopping Hand Bag Jacquard Fabric With Faux Leather,stores,Fashion Sales & Deals,https://m.media-amazon.com/images/W/IMAGERENDERING_521856-T2/images/I/81B62mw1zgL._AC_UL320_.jpg,https://www.amazon.in/Kleio-EZL3002KL-M1-Womens-Canvas-Multicolour/dp/B079DTKV5M/ref=sr_1_66?qid=1679152726&s=apparel&sr=1-66,4.1,773,"₹1,096","₹1,999"
I Define You Women's Handbag (Cream),stores,Fashion Sales & Deals,https://m.media-amazon.com/images/W/IMAGERENDERING_521856-T2/images/I/21DEGouNL-L._AC_UL320_.jpg,https://www.amazon.in/Define-You-Latest-Handbag-Womens/dp/B0776GLS3X/ref=sr_1_67?qid=1679152726&s=apparel&sr=1-67,4.0,"1,480",₹794,"₹5,999"
Handcuffs Mens Cash Pouch Money Carrying Case Multipurpose Travel Pouch Zipped Travel Toiletry Bag (Rust),stores,Fashion Sales & Deals,https://m.media-amazon.com/images/W/IMAGERENDERING_521856-T2/images/I/61rQpc9EUcL._AC_UL320_.jpg,https://www.amazon.in/Handcuffs-BFLCPBR-02-Mens-Handbag-Rust/dp/B06XG6JGQ4/ref=sr_1_68?qid=1679152726&s=apparel&sr=1-68,4.3,600,₹599,₹999
Lorna Imported Women/Girl's Designer Long Zipper Wallet,stores,Fashion Sales & Deals,https://m.media-amazon.com/images/W/IMAGERENDERING_521856-T2/images/I/81wyiMOMBlL._AC_UL320_.jpg,https://www.amazon.in/Lorna-Women-Designer-Zipper-Wallet/dp/B07B7L5C83/ref=sr_1_72?qid=1679152726&s=apparel&sr=1-72,4.1,850,₹599,"₹1,999"
Tooba Women's Clutch (Silver),stores,Fashion Sales & Deals,https://m.media-amazon.com/images/W/IMAGERENDERING_521856-T2/images/I/718rmwHmA4L._AC_UL320_.jpg,https://www.amazon.in/Tooba-Womens-Clutch-Silver-Foam/dp/B0799MPTP8/ref=sr_1_73?qid=1679152726&s=apparel&sr=1-73,3.8,323,₹295,"₹4,999"
Butterflies Women's Wallet,stores,Fashion Sales & Deals,https://m.media-amazon.com/images/W/IMAGERENDERING_521856-T2/images/I/61cFvGK4TsL._AC_UL320_.jpg,https://www.amazon.in/Butterflies-BNS-2320-MRN-Womens/dp/B00N8MGT5C/ref=sr_1_74?qid=1679152726&s=apparel&sr=1-74,4.0,"1,721",₹349,"₹1,099"
Tooba Women's Clutch,stores,Fashion Sales & Deals,https://m.media-amazon.com/images/W/IMAGERENDERING_521856-T2/images/I/81wD5nH62+L._AC_UL320_.jpg,https://www.amazon.in/Tooba-Handicraft-Embroidered-Velvet-Clutch/dp/B01N5XFUWM/ref=sr_1_75?qid=1679152726&s=apparel&sr=1-75,3.9,350,₹549,"₹3,499"
Caprese Faux Leather Women Wallet (Grey),stores,Fashion Sales & Deals,https://m.media-amazon.com/images/W/IMAGERENDERING_521856-T2/images/I/A1UhioeVsKL._AC_UL320_.jpg,https://www.amazon.in/Caprese-Nars-Womens-Wallet-Grey/dp/B07B95B8LK/ref=sr_1_76_mod_primary_new?qid=1679152726&s=apparel&sbo=RZvfv%2F%2FHxDF%2BO5021pAnSA%3D%3D&sr=1-76,4.2,124,₹989,"₹2,849"
Women's Shoulder Bag,stores,Fashion Sales & Deals,https://m.media-amazon.com/images/W/IMAGERENDERING_521856-T2/images/I/71v5wxc0IxL._AC_UL320_.jpg,https://www.amazon.in/Fantosy-Womens-Maroon-Handbag-Fnb-325_079/dp/B075LK3DJ9/ref=sr_1_77?qid=1679152726&s=apparel&sr=1-77,3.8,"1,466",₹499,"₹1,899"
Butterflies Women Handbag with Wallet Combo Set of 2,stores,Fashion Sales & Deals,https://m.media-amazon.com/images/W/IMAGERENDERING_521856-T2/images/I/71KGRL6ZMNL._AC_UL320_.jpg,https://www.amazon.in/Butterflies-Womens-Handbag-Wallet-Orange/dp/B073WM55XG/ref=sr_1_78?qid=1679152726&s=apparel&sr=1-78,4.1,808,"₹1,199","₹6,499"
Caprese Women's Handbag,stores,Fashion Sales & Deals,https://m.media-amazon.com/images/W/IMAGERENDERING_521856-T2/images/I/610j6OHJMIL._AC_UL320_.jpg,https://www.amazon.in/Caprese-Phoenix-Womens-Sling-Beige/dp/B07DQW24CB/ref=sr_1_79?qid=1679152726&s=apparel&sr=1-79,4.1,256,₹999,"₹2,399"
"SPHINX Men's Leatherette Cross-Body Sling Bag (Dark Brown, 25 x 22 x 7 cm)",stores,Fashion Sales & Deals,https://m.media-amazon.com/images/W/IMAGERENDERING_521856-T2/images/I/81EKvRAp2+L._AC_UL320_.jpg,https://www.amazon.in/Sphinx-Sampre-Cross-Body-Sling-Brown/dp/B06XVS1FYP/ref=sr_1_80?qid=1679152726&s=apparel&sr=1-80,3.9,"1,465",₹499,"₹1,299"
Lavie Cetan Hard Flap Sling Bag | Ladies Purse Handbag,stores,Fashion Sales & Deals,https://m.media-amazon.com/images/W/IMAGERENDERING_521856-T2/images/I/71TsPtMDgPL._AC_UL320_.jpg,https://www.amazon.in/Lavie-Cetan-Womens-Sling-Black/dp/B07G8F1K5Q/ref=sr_1_81?qid=1679152726&s=apparel&sr=1-81,3.9,272,₹921,"₹3,199"
"Goatter Genuine Leather 9"" Unisex Messenger Bag",stores,Fashion Sales & Deals,https://m.media-amazon.com/images/W/IMAGERENDERING_521856-T2/images/I/81iN1jsp-WL._AC_UL320_.jpg,https://www.amazon.in/Goatter-Leather-Brown-Messenger-Bag/dp/B076FT5HYB/ref=sr_1_82?qid=1679152726&s=apparel&sr=1-82,3.6,160,"₹1,150","₹6,299"
WILD MODA F-TRACK WOMEN'S SHOULDER BAG,stores,Fashion Sales & Deals,https://m.media-amazon.com/images/W/IMAGERENDERING_521856-T2/images/I/51piBYRSBGL._AC_UL320_.jpg,https://www.amazon.in/WILD-MODA-Womens-Tote-Wmwb0139_Multicolor/dp/B01JS15DZ8/ref=sr_1_83?qid=1679152726&s=apparel&sr=1-83,4.2,395,₹699,"₹1,699"
Butterflies Synthetic Women's Wallet,stores,Fashion Sales & Deals,https://m.media-amazon.com/images/W/IMAGERENDERING_521856-T2/images/I/61AWlBErIVL._AC_UL320_.jpg,https://www.amazon.in/Butterflies-BNS-2055-Womens-Wallet/dp/B00IJ8CNKU/ref=sr_1_84?qid=1679152726&s=apparel&sr=1-84,4.0,"1,038",₹379,"₹1,299"
FLYING BERRY Women's Handbag with Sling Bag (Set of 2),stores,Fashion Sales & Deals,https://m.media-amazon.com/images/W/IMAGERENDERING_521856-T2/images/I/91nutB3NrhL._AC_UL320_.jpg,https://www.amazon.in/Flying-berry-Womens-Handbag-COMBO/dp/B0799GXCRM/ref=sr_1_85?qid=1679152726&s=apparel&sr=1-85,4.3,"1,393","₹2,299","₹6,000"
Lapis O Lupo Women Fashion Vagan Leather Handbags Top Handle Purse With Sling,stores,Fashion Sales & Deals,https://m.media-amazon.com/images/W/IMAGERENDERING_521856-T2/images/I/81MH2a4WSWL._AC_UL320_.jpg,https://www.amazon.in/Lapis-Lupo-Women-Handbag-Tourquise/dp/B0793VF4KS/ref=sr_1_86?qid=1679152726&s=apparel&sr=1-86,4.0,906,₹899,"₹2,199"
"H&B Jute bags for lunch with zip (Print: Pattern 2, Black, Size: 11x10x6 Inch)",stores,Fashion Sales & Deals,https://m.media-amazon.com/images/W/IMAGERENDERING_521856-T2/images/I/710HVcLD9JL._AC_UL320_.jpg,https://www.amazon.in/Mens-Jute-Multicolour-Lunch-Bag/dp/B06XW9BSL3/ref=sr_1_87?qid=1679152726&s=apparel&sr=1-87,3.9,108,₹299,₹999
Lorna Imported Women's PU Leather Designer Long Zipper Wallet - Black,stores,Fashion Sales & Deals,https://m.media-amazon.com/images/W/IMAGERENDERING_521856-T2/images/I/51VIJCJXZgL._AC_UL320_.jpg,https://www.amazon.in/Lorna-Women-Designer-Zipper-Wallet/dp/B073872G28/ref=sr_1_88?qid=1679152726&s=apparel&sr=1-88,4.0,684,₹549,"₹1,999"
KLEIO Girls' & Women's Sling Bag,stores,Fashion Sales & Deals,https://m.media-amazon.com/images/W/IMAGERENDERING_521856-T2/images/I/61wI+7q0h7L._AC_UL320_.jpg,https://www.amazon.in/Kleio-Womens-Quilted-Black-Sling/dp/B079DTFDN5/ref=sr_1_89?qid=1679152726&s=apparel&sr=1-89,4.1,591,₹643,"₹1,399"
Caprese Sienna Women's Satchel (Blush),stores,Fashion Sales & Deals,https://m.media-amazon.com/images/W/IMAGERENDERING_521856-T2/images/I/61y9YZA+pmL._AC_UL320_.jpg,https://www.amazon.in/Caprese-Sienna-Womens-Satchel-Blush/dp/B07GYC1Q18/ref=sr_1_90?qid=1679152726&s=apparel&sr=1-90,3.9,76,"₹1,435","₹3,299"
Hidesign Women's Tote Bag (Blue),stores,Fashion Sales & Deals,https://m.media-amazon.com/images/W/IMAGERENDERING_521856-T2/images/I/81AtBtau2TL._AC_UL320_.jpg,https://www.amazon.in/Hidesign-LIBRA-02-MELBOURNE-RANCH-SNAKE/dp/B0773VH2LR/ref=sr_1_91?qid=1679152726&s=apparel&sr=1-91,3.9,47,"₹3,919","₹8,195"
Hidesign Women's Shoulder Bag (Red),stores,Fashion Sales & Deals,https://m.media-amazon.com/images/W/IMAGERENDERING_521856-T2/images/I/81QDJtW+SFL._AC_UL320_.jpg,https://www.amazon.in/Hidesign-Womens-Shoulder-Bag-Red/dp/B01H1TUMQE/ref=sr_1_92?qid=1679152726&s=apparel&sr=1-92,3.9,39,"₹4,976","₹10,495"
H&B Tote Bag (DINE4BLK-P_Black),stores,Fashion Sales & Deals,https://m.media-amazon.com/images/W/IMAGERENDERING_521856-T2/images/I/61wHku60MML._AC_UL320_.jpg,https://www.amazon.in/Womens-Handbag-Black-11x9x6-Inches/dp/B015YNABKG/ref=sr_1_93?qid=1679152726&s=apparel&sr=1-93,3.5,66,₹315,₹599
URBAN FOREST Skylar Black/Red Leather Wallets & Keyring Combo Gift Set for Men &Women,stores,Fashion Sales & Deals,https://m.media-amazon.com/images/W/IMAGERENDERING_521856-T2/images/I/81E-rMBLzrL._AC_UL320_.jpg,https://www.amazon.in/Urban-Forest-Black-Leather-Wallet/dp/B07B3QHT5L/ref=sr_1_94?qid=1679152726&s=apparel&sr=1-94,4.3,184,"₹1,265","₹3,000"
LEADERACHI Vintage Pure Hunter Leather Sling Bag For Mens.,stores,Fashion Sales & Deals,https://m.media-amazon.com/images/W/IMAGERENDERING_521856-T2/images/I/61SiPfwNghL._AC_UL320_.jpg,https://www.amazon.in/LEADERACHI-Hunter-Leather-Messenger-Sassari-Muskat/dp/B00W97EM4M/ref=sr_1_95?qid=1679152726&s=apparel&sr=1-95,4.1,"1,376","₹2,196","₹4,999"
COSMUS Stitchwell Cross Body Sling Bag shoulder side bag multipurpose 10 inch Tablet,stores,Fashion Sales & Deals,https://m.media-amazon.com/images/W/IMAGERENDERING_521856-T2/images/I/71X40Td8G2L._AC_UL320_.jpg,https://www.amazon.in/COSMUS-Polyester-Black-Cross-Body-Unisex/dp/B01E3Z7NP2/ref=sr_1_96?qid=1679152726&s=apparel&sr=1-96,4.0,271,₹572,₹673
Caprese Women's Wallet (Blue),stores,Fashion Sales & Deals,https://m.media-amazon.com/images/W/IMAGERENDERING_521856-T2/images/I/81-2fTfQ6KL._AC_UL320_.jpg,https://www.amazon.in/Caprese-Kiko-Womens-Wallet-Blue/dp/B07D3XZMF2/ref=sr_1_97?qid=1679152726&s=apparel&sr=1-97,4.3,173,₹669,"₹2,999"
LAPIS O LUPO Women Fashion Mobile Cross-body Leatherette Adjustable Sling Bags…,stores,Fashion Sales & Deals,https://m.media-amazon.com/images/W/IMAGERENDERING_521856-T2/images/I/81ziYdKX2OL._AC_UL320_.jpg,https://www.amazon.in/Lapis-Lupo-Bleue-Womens-Mobile/dp/B075L8VV3S/ref=sr_1_98?qid=1679152726&s=apparel&sr=1-98,4.1,768,₹519,"₹1,099"
Hidesign Women's Shoulder Bag (Emerald Green Lobster),stores,Fashion Sales & Deals,https://m.media-amazon.com/images/W/IMAGERENDERING_521856-T2/images/I/71eAe727uoL._AC_UL320_.jpg,https://www.amazon.in/Hidesign-Womens-Shoulder-Emerald-Lobster/dp/B071GY1QBX/ref=sr_1_99?qid=1679152726&s=apparel&sr=1-99,4.5,32,"₹6,012","₹6,295"
COSMUS Unisex Sling Bag (Black and P.Green),stores,Fashion Sales & Deals,https://m.media-amazon.com/images/W/IMAGERENDERING_521856-T2/images/I/71r19MycPDL._AC_UL320_.jpg,https://www.amazon.in/COSMUS-5L-Black-Messenger-Bag/dp/B01FVJIY5C/ref=sr_1_100?qid=1679152726&s=apparel&sr=1-100,4.1,138,₹611,"₹1,099"
Urban Forest Natalie Leather Wallets for Women,stores,Fashion Sales & Deals,https://m.media-amazon.com/images/W/IMAGERENDERING_521856-T2/images/I/710NjfPjhZL._AC_UL320_.jpg,https://www.amazon.in/Urban-Forest-Natalie-Womens-Wallet/dp/B01BF53QNQ/ref=sr_1_101?qid=1679152726&s=apparel&sr=1-101,4.3,181,,₹795
fantosy women shoulder bag,stores,Fashion Sales & Deals,https://m.media-amazon.com/images/W/IMAGERENDERING_521856-T2/images/I/71Xmb-qYOdL._AC_UL320_.jpg,https://www.amazon.in/Fantosy-Grey-women-shoulder-FNB-739/dp/B079M71NPK/ref=sr_1_102?qid=1679152726&s=apparel&sr=1-102,3.8,782,₹499,"₹1,899"
I Define You Women's Handbag with Wallet (Set of 2),stores,Fashion Sales & Deals,https://m.media-amazon.com/images/W/IMAGERENDERING_521856-T2/images/I/61cdOapEh-L._AC_UL320_.jpg,https://www.amazon.in/Define-You-Combo-Handbag-Wallet/dp/B07D8YFRF8/ref=sr_1_103?qid=1679152726&s=apparel&sr=1-103,4.1,114,"₹1,279","₹1,379"
Hidesign Women's Shoulder Bag (Bronze),stores,Fashion Sales & Deals,https://m.media-amazon.com/images/I/91nqxI3FXLL._AC_UL320_.jpg,https://www.amazon.in/Hidesign-EOSS-Womens-Shoulder-Bag/dp/B071XH829X/ref=sr_1_101?qid=1679152727&s=apparel&sr=1-101,3.6,26,"₹4,429","₹8,495"
KLEIO Women's Sling Bag,stores,Fashion Sales & Deals,https://m.media-amazon.com/images/I/81cIZpi5HpL._AC_UL320_.jpg,https://www.amazon.in/Kleio-Womens-Sling-Eco2011Kl-M3-Multicolor/dp/B0792C5Z7Y/ref=sr_1_102?qid=1679152727&s=apparel&sr=1-102,4.1,"1,279",₹687,"₹1,299"
Fostelo Handbag For Women And Girls | Ladies Purse Faux Leather Satchel Bag | Woman Gifts | Wedding Gifts For Women | Wome...,stores,Fashion Sales & Deals,https://m.media-amazon.com/images/I/61UD5ykDhUL._AC_UL320_.jpg,https://www.amazon.in/Fostelo-Ocean-Side-Womens-Handbag/dp/B00WWH415Y/ref=sr_1_103?qid=1679152727&s=apparel&sr=1-103,4.2,971,₹699,"₹3,199"
Gracetop Women's Handbag,stores,Fashion Sales & Deals,https://m.media-amazon.com/images/I/71qtYP6hqXL._AC_UL320_.jpg,https://www.amazon.in/Gracetop-Womens-Handbag-Pink-Lp-Pink/dp/B013I2ZF0Q/ref=sr_1_104?qid=1679152727&s=apparel&sr=1-104,3.6,"2,612",₹329,₹999
FLYING BERRY Women's Hand Bag (COMBO PACK OF 2),stores,Fashion Sales & Deals,https://m.media-amazon.com/images/I/91lrubglrTL._AC_UL320_.jpg,https://www.amazon.in/FLYING-BERRY-Womens-Handbag-Grey_Fb-2097-Combo/dp/B01MTUV1BH/ref=sr_1_105?qid=1679152727&s=apparel&sr=1-105,4.1,393,"₹1,999","₹5,500"
Caprese Women's Handbag,stores,Fashion Sales & Deals,https://m.media-amazon.com/images/I/91rI7sZWfEL._AC_UL320_.jpg,https://www.amazon.in/Caprese-Grenda-Womens-Wallet-Pink/dp/B07D3XKP9G/ref=sr_1_106?qid=1679152727&s=apparel&sr=1-106,4.1,603,₹749,"₹2,149"
"H&B Men's and Women's Marine Life Fish Printed Jute Bag with Zip (Blue, 11x10x6 Inch)",stores,Fashion Sales & Deals,https://m.media-amazon.com/images/I/81YEW7hOYdL._AC_UL320_.jpg,https://www.amazon.in/Unisex-Jute-Lunch-11x10x6-Inches/dp/B07GWHSLVG/ref=sr_1_107?qid=1679152727&s=apparel&sr=1-107,3.8,30,₹350,₹599
fantosy Women's Shoulder Bag,stores,Fashion Sales & Deals,https://m.media-amazon.com/images/I/71rwef1edsL._AC_UL320_.jpg,https://www.amazon.in/fantosy-Leather-Design-shoulder-FNB-758/dp/B07C4TXBNZ/ref=sr_1_108?qid=1679152727&s=apparel&sr=1-108,3.6,446,₹499,"₹1,599"
PARADOX (LABEL) Girls' & Women's Clutch,stores,Fashion Sales & Deals,https://m.media-amazon.com/images/I/81GU59igdXL._AC_UL320_.jpg,https://www.amazon.in/PARADOX-LABEL-Clutches-Evening-Handbags/dp/B079RH3HSW/ref=sr_1_109?qid=1679152727&s=apparel&sr=1-109,4.3,443,,₹999
Maango Sitar Sling Bag for Girls Kids,stores,Fashion Sales & Deals,https://m.media-amazon.com/images/I/41iAxzj72oL._AC_UL320_.jpg,https://www.amazon.in/Mango-Fancy-Womens-Collage-office/dp/B074DG1LKW/ref=sr_1_110?qid=1679152727&s=apparel&sr=1-110,3.6,63,₹298,₹999
Fantosy Maroon handbag,stores,Fashion Sales & Deals,https://m.media-amazon.com/images/I/91j0v2cUEAL._AC_UL320_.jpg,https://www.amazon.in/Fantosy-Womens-Handbag-Maroon-Fnb-228/dp/B01BNT32BK/ref=sr_1_111?qid=1679152727&s=apparel&sr=1-111,3.9,840,₹499,"₹1,799"
Butterflies Women's Sling Bag (Dark Peach) (BNS 0610DPCH),stores,Fashion Sales & Deals,https://m.media-amazon.com/images/I/61BjIpSQOHL._AC_UL320_.jpg,https://www.amazon.in/Butterflies-Womens-Sling-Dark-Peach/dp/B06VY8BPD8/ref=sr_1_112?qid=1679152727&s=apparel&sr=1-112,4.0,88,₹649,"₹4,399"
Tickles Soft Sling Bags for Girls,stores,Fashion Sales & Deals,https://m.media-amazon.com/images/I/7140xFa+-PL._AC_UL320_.jpg,https://www.amazon.in/Tickles-Girls-Sling-Pink-At-B233/dp/B01DKKUZII/ref=sr_1_113?qid=1679152727&s=apparel&sr=1-113,3.4,47,₹449,₹998
Fostelo Handbag For Women And Girls | Ladies Purse Faux Leather Satchel Bag | Woman Gifts | Wedding Gifts For Women | Wome...,stores,Fashion Sales & Deals,https://m.media-amazon.com/images/I/61UN5dXwhBL._AC_UL320_.jpg,https://www.amazon.in/Fostelo-Elite-Womens-Handbag-Beige/dp/B01LQGXIPU/ref=sr_1_114?qid=1679152727&s=apparel&sr=1-114,3.9,"1,330",₹629,"₹2,399"
Butterflies Women's Pu Wallet For Ladies and Girls,stores,Fashion Sales & Deals,https://m.media-amazon.com/images/I/712NkeSsA7L._AC_UL320_.jpg,https://www.amazon.in/Butterflies-BNS-2391BL-Womens-Wallet/dp/B06WRWX1CN/ref=sr_1_115?qid=1679152727&s=apparel&sr=1-115,4.1,357,₹384,"₹3,399"
Cetan Zip Flap Over Sling bag,stores,Fashion Sales & Deals,https://m.media-amazon.com/images/I/71ee-cQ6gDL._AC_UL320_.jpg,https://www.amazon.in/Lavie-Cetan-Womens-Sling-Bag/dp/B07G84MK41/ref=sr_1_116?qid=1679152727&s=apparel&sr=1-116,4.1,162,₹809,"₹3,190"
Caprese Women's Wallet (Plum),stores,Fashion Sales & Deals,https://m.media-amazon.com/images/I/71zDDo5QVgL._AC_UL320_.jpg,https://www.amazon.in/Caprese-WTANDLGPLM-Womens-Wallet-Plum/dp/B075T46Y8T/ref=sr_1_120?qid=1679152727&s=apparel&sr=1-120,4.3,8,₹945,"₹1,399"
KLEIO Girls' & Women's Sling Bag (ESD5001KL),stores,Fashion Sales & Deals,https://m.media-amazon.com/images/I/81WV4tLgixL._AC_UL320_.jpg,https://www.amazon.in/Kleio-Beautiful-Stylish-Sling-Girls/dp/B0787Y9ZNH/ref=sr_1_121?qid=1679152727&s=apparel&sr=1-121,4.2,"1,083",₹643,"₹1,399"
"Belladona Cotton Full Mirror Work ( WRK_44, Rani Pink)",stores,Fashion Sales & Deals,https://m.media-amazon.com/images/I/71izM2AWcJL._AC_UL320_.jpg,https://www.amazon.in/Belladona-Cotton-Full-Mirror-WRK_44/dp/B077T4684W/ref=sr_1_122?qid=1679152727&s=apparel&sr=1-122,3.8,28,₹225,₹899
PARADOX (LABEL) Women's Clutch,stores,Fashion Sales & Deals,https://m.media-amazon.com/images/I/91QxJ2JOJeL._AC_UL320_.jpg,https://www.amazon.in/PARADOX-LABEL-Glitter-Rhinestone-Evening/dp/B07D5W2V3F/ref=sr_1_123?qid=1679152727&s=apparel&sr=1-123,4.1,363,,₹999
Bombay Haat Women's Potli Bag (Multicolour),stores,Fashion Sales & Deals,https://m.media-amazon.com/images/I/81f4lqzqvfL._AC_UL320_.jpg,https://www.amazon.in/Bombay-Haat-Velvet-Womens-Potlis/dp/B07CH8Q9CC/ref=sr_1_124?qid=1679152727&s=apparel&sr=1-124,4.3,133,₹499,"₹1,200"
Urban Forest Spencer Leather Wallet Combo Gift Set,stores,Fashion Sales & Deals,https://m.media-amazon.com/images/I/81ZVCRG6lRL._AC_UL320_.jpg,https://www.amazon.in/Urban-Forest-Spencer-Leather-Wallet/dp/B07B3QB65J/ref=sr_1_125?qid=1679152727&s=apparel&sr=1-125,4.2,"1,192","₹1,309","₹3,000"
Hidesign Women's Shoulder Bag (Blue),stores,Fashion Sales & Deals,https://m.media-amazon.com/images/I/812-q9ZKuhL._AC_UL320_.jpg,https://www.amazon.in/Hidesign-Womens-Shoulder-Midnight-Lobster/dp/B071XH7BN6/ref=sr_1_126?qid=1679152727&s=apparel&sr=1-126,3.9,24,"₹5,109","₹7,795"
Butterflies Women's Handbag Ladies Purse Handbag,stores,Fashion Sales & Deals,https://m.media-amazon.com/images/I/31PUlF8TLqL._AC_UL320_.jpg,https://www.amazon.in/Butterflies-BNS-0580CRM-Womens-Handbags/dp/B01BWJOR0G/ref=sr_1_127?qid=1679152727&s=apparel&sr=1-127,4.0,257,₹899,"₹4,299"
FLYING BERRY Backpack,stores,Fashion Sales & Deals,https://m.media-amazon.com/images/I/81Ktzq9fLZL._AC_UL320_.jpg,https://www.amazon.in/Flying-Womens-Handbag-FB-2161/dp/B074FWSR8V/ref=sr_1_128?qid=1679152727&s=apparel&sr=1-128,4.2,357,"₹1,799","₹5,500"
"Kuber Industriestm Women Stylish Handbag Fully Laminated (Traditional Design), Pink (BG0123)",stores,Fashion Sales & Deals,https://m.media-amazon.com/images/I/71siMq24JgL._AC_UL320_.jpg,https://www.amazon.in/Kuber-Industries-Womens-Laminated-Handbag/dp/B0759R6N8Z/ref=sr_1_129?qid=1679152727&s=apparel&sr=1-129,3.7,29,,₹379
Lapis O Lupo Handbags for Women Fashion Ladies Faux Leather Top Handle Satchel with Sling,stores,Fashion Sales & Deals,https://m.media-amazon.com/images/I/61kYRhNpQcL._AC_UL320_.jpg,https://www.amazon.in/Lapis-Lupo-Womens-Handbag-Llhb0012Be/dp/B01HXRHKDW/ref=sr_1_130?qid=1679152727&s=apparel&sr=1-130,4.0,977,₹784,"₹1,699"
Lychee bags Women PU Sling Bag,stores,Fashion Sales & Deals,https://m.media-amazon.com/images/I/61LrcWMbYOL._AC_UL320_.jpg,https://www.amazon.in/Lychee-Bags-Girls-Green-Sling/dp/B01N9P9BVA/ref=sr_1_131?qid=1679152727&s=apparel&sr=1-131,3.8,357,₹989,"₹2,499"
Hidesign Women's Shoulder Bag (Orange),stores,Fashion Sales & Deals,https://m.media-amazon.com/images/I/81WAoq0J-WL._AC_UL320_.jpg,https://www.amazon.in/Hidesign-EOSS-Womens-Shoulder-Lobster/dp/B071GY4DF7/ref=sr_1_132?qid=1679152727&s=apparel&sr=1-132,3.9,20,"₹6,086.50","₹8,195"
Fantosy Messenger Bag,stores,Fashion Sales & Deals,https://m.media-amazon.com/images/I/71MpxIjuCjL._AC_UL320_.jpg,https://www.amazon.in/Fantosy-Polyester-Front-Sidebag-Mb-046/dp/B078ZC36VX/ref=sr_1_133?qid=1679152727&s=apparel&sr=1-133,3.9,781,₹499,"₹1,599"
Hidesign Women's Clutch (Blue),stores,Fashion Sales & Deals,https://m.media-amazon.com/images/I/81C5y-FPvrL._AC_UL320_.jpg,https://www.amazon.in/Hidesign-VIRGO-MELBOURNE-RANCH-SNAKE/dp/B0773SZW7F/ref=sr_1_134?qid=1679152727&s=apparel&sr=1-134,4.1,19,"₹1,849","₹3,995"
"Fostelo Women's Polyurethane Style Handbag With 1 Zip With 2 Compartments, 1 inside Zip Pocket And 1 Back Zip Pocket",stores,Fashion Sales & Deals,https://m.media-amazon.com/images/I/61vH04mJKxL._AC_UL320_.jpg,https://www.amazon.in/Fostelo-Style-Womens-Handbag-Cream/dp/B01M17MY0O/ref=sr_1_135?qid=1679152727&s=apparel&sr=1-135,3.5,380,₹629,"₹2,399"
Right Choice Women's Handbag,stores,Fashion Sales & Deals,https://m.media-amazon.com/images/I/615BhbtVXLL._AC_UL320_.jpg,https://www.amazon.in/Right-Choice-Womens-Shoulder-white/dp/B0778VQRS5/ref=sr_1_136?qid=1679152727&s=apparel&sr=1-136,3.4,772,₹599,"₹2,299"
Fostelo Handbag For Women And Girls | Ladies Purse Faux Leather Satchel Bag | Woman Gifts | Wedding Gifts For Women | Wome...,stores,Fashion Sales & Deals,https://m.media-amazon.com/images/I/61g+NZliV8L._AC_UL320_.jpg,https://www.amazon.in/Fostelo-Jessy-Stylish-Womens-Handbag/dp/B00Z0NL9F2/ref=sr_1_137?qid=1679152727&s=apparel&sr=1-137,3.9,"4,102",₹629,"₹2,399"
PUMA Women's Luxe Mesh Tight,stores,Fashion Sales & Deals,https://m.media-amazon.com/images/I/61WOksq+1pL._AC_UL320_.jpg,https://www.amazon.in/PUMA-Womens-Luxe-Tight-Black/dp/B07BHFW5R2/ref=sr_1_138?qid=1679152727&s=apparel&sr=1-138,4.2,25,,"₹10,221.18"
MARK & KEITH Women Handbag (Black),stores,Fashion Sales & Deals,https://m.media-amazon.com/images/I/71VcZidgShL._AC_UL320_.jpg,https://www.amazon.in/Keith-Handbag-MBG-0538-BK/dp/B07DMMGWD8/ref=sr_1_139?qid=1679152727&s=apparel&sr=1-139,3.7,145,₹749,"₹4,199"
KLEIO Women's Sling Bag,stores,Fashion Sales & Deals,https://m.media-amazon.com/images/I/81KZQ83-+lL._AC_UL320_.jpg,https://www.amazon.in/Kleio-Womens-Printed-Cross-Eco2002Kl-Blt/dp/B0713X1CVC/ref=sr_1_140?qid=1679152727&s=apparel&sr=1-140,3.9,404,₹732,"₹1,499"
"AS Grabion Polyester Messenger Bag, 20",stores,Fashion Sales & Deals,https://m.media-amazon.com/images/I/71kodbQNzML._AC_UL320_.jpg,https://www.amazon.in/AS-Grabion-Polyester-Messenger-01mgasgblack/dp/B07BD2RGJX/ref=sr_1_141?qid=1679152727&s=apparel&sr=1-141,4.1,"1,327",,
kanvas katha Women Sling Bag (Black)(KKRJQ012),stores,Fashion Sales & Deals,https://m.media-amazon.com/images/I/A13+jzh8pML._AC_UL320_.jpg,https://www.amazon.in/Kanvas-Katha-Womens-Sling-Black/dp/B01MPWFI39/ref=sr_1_142?qid=1679152727&s=apparel&sr=1-142,3.8,160,₹499,"₹1,499"
TipTop Women's Peach Handbag,stores,Fashion Sales & Deals,https://m.media-amazon.com/images/I/61Yvpbn9p-L._AC_UL320_.jpg,https://www.amazon.in/TipTop-Womens-Peach-Handbag/dp/B07BV1V52F/ref=sr_1_143?qid=1679152727&s=apparel&sr=1-143,3.5,178,₹329,₹899
new balance Women's W990v4 Running Shoes,stores,Fashion Sales & Deals,https://m.media-amazon.com/images/I/41aZIH6fWUL._AC_UL320_.jpg,https://www.amazon.in/new-balance-Running-990V4-Pink/dp/B0752263HJ/ref=sr_1_144?qid=1679152727&s=apparel&sr=1-144,,,,"₹34,556.54"
Butterflies Women Handbag,stores,Fashion Sales & Deals,https://m.media-amazon.com/images/I/713P388YPgL._AC_UL320_.jpg,https://www.amazon.in/Butterflies-Womens-Handbag-BNS-0588BK/dp/B01D9YTPCW/ref=sr_1_145?qid=1679152727&s=apparel&sr=1-145,4.0,170,₹824,"₹3,699"
Fostelo Handbag For Women And Girls | Ladies Purse Faux Leather Satchel Bag | Woman Gifts | Wedding Gifts For Women | Wome...,stores,Fashion Sales & Deals,https://m.media-amazon.com/images/I/71SYJrWwkUL._AC_UL320_.jpg,https://www.amazon.in/Fostelo-Spring-Womens-Handbag-Maroon/dp/B07CBJRVDQ/ref=sr_1_146?qid=1679152727&s=apparel&sr=1-146,4.1,272,₹595,"₹2,199"
MARK & KEITH Women Handbag,stores,Fashion Sales & Deals,https://m.media-amazon.com/images/I/412ODC2iP2L._AC_UL320_.jpg,https://www.amazon.in/Keith-Handbag-MBG-0492-PCH/dp/B077FVM3ZS/ref=sr_1_147?qid=1679152727&s=apparel&sr=1-147,3.9,105,₹799,"₹3,499"
SPHINX Artificial Leather Long flap Cross-body Regular Sling Bag for men/boys - Dark Brown (L x B x H: 25 x 22 x 7 cm),stores,Fashion Sales & Deals,https://m.media-amazon.com/images/I/51cBLLis7jL._AC_UL320_.jpg,https://www.amazon.in/SPHINX-Artificial-Leather-Cross-body-Regular/dp/B072LYWJZK/ref=sr_1_148?qid=1679152727&s=apparel&sr=1-148,3.7,164,₹449,"₹1,299"
"Fantosy Three Partition Women's Handbag (FNB-124, Maroon)",stores,Fashion Sales & Deals,https://m.media-amazon.com/images/I/71Rk-qB4feL._AC_UL320_.jpg,https://www.amazon.in/Fantosy-Partition-Womens-Handbag-FNB-124/dp/B015OFC98Q/ref=sr_1_149?qid=1679152727&s=apparel&sr=1-149,3.7,"1,205",₹499,"₹1,899"
Lychee bags Canvas Blue Floral Print Sling bag,stores,Fashion Sales & Deals,https://m.media-amazon.com/images/I/81f7Ag7wlkL._AC_UL320_.jpg,https://www.amazon.in/Lychee-Womens-Sling-Yellow-Lbhbcp20Bl/dp/B01E3XPHB6/ref=sr_1_150?qid=1679152727&s=apparel&sr=1-150,3.8,331,₹549,"₹1,199"
PUMA Golf 2017 Men's Pwrwarm Pant,stores,Fashion Sales & Deals,https://m.media-amazon.com/images/I/61-9PMqpNbL._AC_UL320_.jpg,https://www.amazon.in/Puma-Pwrwarm-Pants-Black-34x32/dp/B01N5AAHGK/ref=sr_1_151?qid=1679152727&s=apparel&sr=1-151,5.0,4,,"₹14,749.52"
Tooba Women's Clutch,stores,Fashion Sales & Deals,https://m.media-amazon.com/images/I/91Vl9Mplu3L._AC_UL320_.jpg,https://www.amazon.in/Tooba-Womens-Clutch-Golden-Sequins/dp/B01N28GJ25/ref=sr_1_149?qid=1679152729&s=apparel&sr=1-149,4.2,277,₹698,"₹3,349"
Caprese Vivianne Women's Wallet (Brown),stores,Fashion Sales & Deals,https://m.media-amazon.com/images/I/91ymY3+1M4L._AC_UL320_.jpg,https://www.amazon.in/Caprese-Vivianne-Womens-Wallet-Brown/dp/B0779CM35B/ref=sr_1_150?qid=1679152729&s=apparel&sr=1-150,4.0,5,₹795,"₹1,199"
Hidesign Women's Shoulder Bag (Tan),stores,Fashion Sales & Deals,https://m.media-amazon.com/images/I/81eRFBUAPVL._AC_UL320_.jpg,https://www.amazon.in/Hidesign-EOSS-Womens-Shoulder-Bag/dp/B071KK37DW/ref=sr_1_151?qid=1679152729&s=apparel&sr=1-151,4.3,20,"₹4,589","₹9,795"
fantosy Women's Shoulder Bag (Purple),stores,Fashion Sales & Deals,https://m.media-amazon.com/images/I/91yQT4KbguL._AC_UL320_.jpg,https://www.amazon.in/Fantosy-Womens-Handbag-Purple-Fnb-229/dp/B01BNT33BO/ref=sr_1_152?qid=1679152729&s=apparel&sr=1-152,3.6,163,₹499,"₹1,799"
Hidesign Women's Leather Wallet (Black),stores,Fashion Sales & Deals,https://m.media-amazon.com/images/I/91e5j7ELmRL._AC_UL320_.jpg,https://www.amazon.in/Hidesign-SHANGHAI-W1-Womens-Wallet/dp/B07CY2MW43/ref=sr_1_153?qid=1679152729&s=apparel&sr=1-153,3.8,30,"₹1,502","₹3,595"
Puma Golf 2017 Men's Asym Fade Polo,stores,Fashion Sales & Deals,https://m.media-amazon.com/images/I/61EzvBP5aCL._AC_UL320_.jpg,https://www.amazon.in/PUMA-Golf-2017-Lapis-Small/dp/B01N0LS0KD/ref=sr_1_154?qid=1679152729&s=apparel&sr=1-154,5.0,1,,"₹8,090.19"
Speed X Fashion Women's Handbag With Sling Bag (Set of 2),stores,Fashion Sales & Deals,https://m.media-amazon.com/images/I/711d5wWlOHL._AC_UL320_.jpg,https://www.amazon.in/Speed-Fashion-Womens-Handbag-SNKR-RTY/dp/B07CQ87DYG/ref=sr_1_155?qid=1679152729&s=apparel&sr=1-155,3.7,739,₹555,"₹1,599"
KLEIO Women's Sling Bag,stores,Fashion Sales & Deals,https://m.media-amazon.com/images/I/71GjPiB2-iL._AC_UL320_.jpg,https://www.amazon.in/Kleio-Stylish-Solid-Bucket-EDK1036KL-RB/dp/B078884JVN/ref=sr_1_156?qid=1679152729&s=apparel&sr=1-156,3.6,679,₹558,"₹1,399"
CLASSIC FASHION Women's Handbag (Set of 2) (CFSN44_Multicolored),stores,Fashion Sales & Deals,https://m.media-amazon.com/images/I/41QOWFN-1uL._AC_UL320_.jpg,https://www.amazon.in/classic-fashion-Leather-Handbag-Womens/dp/B079WKBPZT/ref=sr_1_157?qid=1679152729&s=apparel&sr=1-157,3.9,472,₹999,"₹6,599"
WILD MODA PENTAGON WOMEN'S SHOULDER BAG,stores,Fashion Sales & Deals,https://m.media-amazon.com/images/I/71CGKxbXUAL._AC_UL320_.jpg,https://www.amazon.in/WILD-MODA-Womens-Wmwb0354-Multicolor/dp/B01N6EL9KD/ref=sr_1_158?qid=1679152729&s=apparel&sr=1-158,4.1,60,₹699,"₹1,699"
Caprese Women's Tote bag,stores,Fashion Sales & Deals,https://m.media-amazon.com/images/I/81sH34dcmIL._AC_UL320_.jpg,https://www.amazon.in/Caprese-Candice-Womens-Tote-Black/dp/B07GYSDJXL/ref=sr_1_159_mod_primary_new?qid=1679152729&s=apparel&sbo=RZvfv%2F%2FHxDF%2BO5021pAnSA%3D%3D&sr=1-159,4.2,182,"₹1,465","₹3,049"
Under Armour Men's CoolSwitch Brassie Stripe Polo,stores,Fashion Sales & Deals,https://m.media-amazon.com/images/I/61Vwa29zIZL._AC_UL320_.jpg,https://www.amazon.in/Under-CoolSwitch-Brassie-Stripe-Infinity/dp/B01M66NY17/ref=sr_1_160?qid=1679152729&s=apparel&sr=1-160,5.0,1,,"₹10,343.57"
"WILD MODA Women's Shoulder Bag, Set of 1",stores,Fashion Sales & Deals,https://m.media-amazon.com/images/I/71IpHEZc1LL._AC_UL320_.jpg,https://www.amazon.in/WILD-MODA-Womens-Tote-Wmwb0378_Multicolor/dp/B06XF1Z8Q9/ref=sr_1_161?qid=1679152729&s=apparel&sr=1-161,4.0,283,₹729,"₹1,699"
Belladona Women's Handbag (SLG_28_White),stores,Fashion Sales & Deals,https://m.media-amazon.com/images/I/41UP3WdPL5L._AC_UL320_.jpg,https://www.amazon.in/Belladona-WomensFrench-Cut-Sling-White/dp/B076HTXVY1/ref=sr_1_162?qid=1679152729&s=apparel&sr=1-162,3.9,253,₹299,₹999
fantosy Women's Shoulder Bag,stores,Fashion Sales & Deals,https://m.media-amazon.com/images/I/61a8B60L0NL._AC_UL320_.jpg,https://www.amazon.in/Fantosy-Blue-women-shoulder-FNB-730/dp/B079M83K5Z/ref=sr_1_163?qid=1679152729&s=apparel&sr=1-163,3.6,916,₹499,"₹2,299"
GRACE TOP (DEVICE) 24 cms Backpack,stores,Fashion Sales & Deals,https://m.media-amazon.com/images/I/71CWkYynspL._AC_UL320_.jpg,https://www.amazon.in/Gracetop-WomenS-Leather-Messenger-Backpack/dp/B06X3X4456/ref=sr_1_164?qid=1679152729&s=apparel&sr=1-164,3.7,147,₹345,₹999
Under Armour Girls' Graphic Beanie,stores,Fashion Sales & Deals,https://m.media-amazon.com/images/I/71NtZVsn6LL._AC_UL320_.jpg,https://www.amazon.in/Under-Armour-Graphic-Beanie-Water/dp/B01JHLDDCE/ref=sr_1_168?qid=1679152729&s=apparel&sr=1-168,5.0,1,,"₹7,611.44"
Tooba Women's Clutch,stores,Fashion Sales & Deals,https://m.media-amazon.com/images/I/91HAiaNCDlL._AC_UL320_.jpg,https://www.amazon.in/Tooba-Handicraft-Embroidered-Clutch-Wedding/dp/B01KUVTE5K/ref=sr_1_169?qid=1679152729&s=apparel&sr=1-169,4.0,174,₹346,₹999
Vintage Women's Handbag (bag 58_Black),stores,Fashion Sales & Deals,https://m.media-amazon.com/images/I/81opuMJcYoL._AC_UL320_.jpg,https://www.amazon.in/Vintage-Womens-Handbag-Black-58/dp/B01D12UFSK/ref=sr_1_170?qid=1679152729&s=apparel&sr=1-170,3.5,658,₹319,₹459
"RITUPAL COLLECTION - Identify Your Look, Define Your Style Girl's Sling Bag (Grey)",stores,Fashion Sales & Deals,https://m.media-amazon.com/images/I/71qAH5UMofL._AC_UL320_.jpg,https://www.amazon.in/RITUPAL-COLLECTION-Identify-Shoulder-Handbag/dp/B07H3B4FXB/ref=sr_1_171?qid=1679152729&s=apparel&sr=1-171,3.5,693,₹379,₹999
Lino Perros Women's Clutch,stores,Fashion Sales & Deals,https://m.media-amazon.com/images/I/B1HT+W9a1zS._AC_UL320_.jpg,https://www.amazon.in/Lino-Perros-Womens-Handbag-Golden/dp/B01HT4A68K/ref=sr_1_172?qid=1679152729&s=apparel&sr=1-172,2.7,23,₹989,"₹1,995"
Under Armour Zone 2 White/White/Midnight Navy 7 D(M) US,stores,Fashion Sales & Deals,https://m.media-amazon.com/images/I/61iNh77HNdL._AC_UL320_.jpg,https://www.amazon.in/Under-Armour-Zone-Black-White/dp/B01GSMK7Z6/ref=sr_1_173?qid=1679152729&s=apparel&sr=1-173,4.3,132,,"₹10,797.12"
Butterflies Women Handbag,stores,Fashion Sales & Deals,https://m.media-amazon.com/images/I/61mzgSOX3LL._AC_UL320_.jpg,https://www.amazon.in/Butterflies-BNS-0589PCH-Womens-Handbag/dp/B01N560S3F/ref=sr_1_174?qid=1679152729&s=apparel&sr=1-174,4.2,372,₹749,"₹5,299"
H&B Lunch Bag (LNH-LEAF-BLK_Multicolored),stores,Fashion Sales & Deals,https://m.media-amazon.com/images/I/81Laenb4ksL._AC_UL320_.jpg,https://www.amazon.in/Unisex-Multicolour-Jute-11x9x6-Inches/dp/B06XWFXMKP/ref=sr_1_175?qid=1679152729&s=apparel&sr=1-175,4.0,268,₹315,₹899
Lychee,stores,Fashion Sales & Deals,https://m.media-amazon.com/images/I/81-xG-o9hIL._AC_UL320_.jpg,https://www.amazon.in/Lychee-bags-Girls-Brown-Sling/dp/B01MR3LZGT/ref=sr_1_176?qid=1679152729&s=apparel&sr=1-176,3.9,284,₹989,"₹2,499"
Lychee bags PU sling Bag,stores,Fashion Sales & Deals,https://m.media-amazon.com/images/I/91-7kI-9YnL._AC_UL320_.jpg,https://www.amazon.in/Lychee-Bags-Womens-Jennifer-Sling/dp/B06XCJZRXW/ref=sr_1_177?qid=1679152729&s=apparel&sr=1-177,4.1,240,₹629,"₹1,699"
Hidesign Women's Tote Bag (Blue),stores,Fashion Sales & Deals,https://m.media-amazon.com/images/I/81anGFC4+DL._AC_UL320_.jpg,https://www.amazon.in/Hidesign-ECOM-Exclusive-Womens-Shoulder/dp/B01N4B7R8Q/ref=sr_1_178?qid=1679152729&s=apparel&sr=1-178,3.4,26,"₹7,859","₹9,995"
Under Armour Men's Baseball Training Henley,stores,Fashion Sales & Deals,https://m.media-amazon.com/images/I/61TgCoiqQzL._AC_UL320_.jpg,https://www.amazon.in/Under-Armour-Baseball-Training-Henley/dp/B01FWVRQUI/ref=sr_1_179?qid=1679152729&s=apparel&sr=1-179,4.8,30,,"₹8,396.16"
Hidesign Women's Leather Wallet Handbag (Red),stores,Fashion Sales & Deals,https://m.media-amazon.com/images/I/91ooHnZlgYL._AC_UL320_.jpg,https://www.amazon.in/Hidesign-ATRIA-W2-RF-Womens/dp/B07BSWH5K4/ref=sr_1_180?qid=1679152729&s=apparel&sr=1-180,4.1,26,"₹1,506","₹3,695"
Hidesign Women's Sling Bag (Black),stores,Fashion Sales & Deals,https://m.media-amazon.com/images/I/81OfRlBIoyL._AC_UL320_.jpg,https://www.amazon.in/Hidesign-Exclusive-Womens-Handbag-Black/dp/B01H1TUMRI/ref=sr_1_181?qid=1679152729&s=apparel&sr=1-181,4.3,29,"₹6,717","₹9,095"
Favria Polyester Water Resistant CrossBody Messenger Sling Bag for Men and Women,stores,Fashion Sales & Deals,https://m.media-amazon.com/images/I/91jgAQsW+PL._AC_UL320_.jpg,https://www.amazon.in/Favria-Unisex-Polyester-Grey-Black/dp/B076F66K49/ref=sr_1_182?qid=1679152729&s=apparel&sr=1-182,3.7,326,₹474,"₹1,299"
Hidesign Women's Tote Bag (Blue),stores,Fashion Sales & Deals,https://m.media-amazon.com/images/I/518ilbz7sXL._AC_UL320_.jpg,https://www.amazon.in/Hidesign-leather-Womens-Handbag-NYLE/dp/B07DHPY3LC/ref=sr_1_183?qid=1679152729&s=apparel&sr=1-183,3.7,24,"₹3,101","₹6,695"
Tooba Women's Clutch,stores,Fashion Sales & Deals,https://m.media-amazon.com/images/I/81qpPaZlBqL._AC_UL320_.jpg,https://www.amazon.in/Tooba-Womens-Velvet-Embroidered-Rani/dp/B07D79MV98/ref=sr_1_184?qid=1679152729&s=apparel&sr=1-184,4.1,69,₹388,"₹2,999"
Under Armour Men's Sportstyle KO T-Shirt,stores,Fashion Sales & Deals,https://m.media-amazon.com/images/I/61nYvjw7+ML._AC_UL320_.jpg,https://www.amazon.in/Under-Armour-Sportstyle-T-Shirt-Graphite/dp/B01FLFL41C/ref=sr_1_185?qid=1679152729&s=apparel&sr=1-185,4.8,9,,"₹5,399.46"
CLASSIC FASHION Women's Shoulder Bag (cfs0153 bol_Multicolored),stores,Fashion Sales & Deals,https://m.media-amazon.com/images/I/51fKBtHVi2L._AC_UL320_.jpg,https://www.amazon.in/CLASSIC-FASHION-Handbag-Multicolor-Cfs0153/dp/B01MY20ISS/ref=sr_1_186?qid=1679152729&s=apparel&sr=1-186,3.9,344,₹799,"₹3,599"
Hidesign Women's Wallet (Red),stores,Fashion Sales & Deals,https://m.media-amazon.com/images/I/91DBcmL89OL._AC_UL320_.jpg,https://www.amazon.in/Hidesign-ECOM-Exclusive-Womens-Wallet/dp/B01H1TUQU6/ref=sr_1_187?qid=1679152729&s=apparel&sr=1-187,4.0,16,"₹2,596","₹3,195"
Mango star Women's Shoulder Bag,stores,Fashion Sales & Deals,https://m.media-amazon.com/images/I/61-FOjHLdUL._AC_UL320_.jpg,https://www.amazon.in/Mango-Womens-Synthetic-Leather-Handbag/dp/B073Z5P9XP/ref=sr_1_188?qid=1679152729&s=apparel&sr=1-188,3.7,585,₹398,₹999
"RITUPAL COLLECTION - Identify Your Look, Define Your Style Women's Handbag",stores,Fashion Sales & Deals,https://m.media-amazon.com/images/I/81d-3yaqZRL._AC_UL320_.jpg,https://www.amazon.in/RITUPAL-COLLECTION-Identify-Shoulder-RTC_016/dp/B079QYH76B/ref=sr_1_189?qid=1679152729&s=apparel&sr=1-189,3.7,508,₹379,₹999
Hidesign Women's Shoulder Bag (Purple),stores,Fashion Sales & Deals,https://m.media-amazon.com/images/I/81WBxootfcL._AC_UL320_.jpg,https://www.amazon.in/Hidesign-Exclusive-Womens-Shoulder-Purple/dp/B010B9FESM/ref=sr_1_190?qid=1679152729&s=apparel&sr=1-190,3.3,30,,
Under Armour Men's Tech Terry Hoodie,stores,Fashion Sales & Deals,https://m.media-amazon.com/images/I/616opeeufxL._AC_UL320_.jpg,https://www.amazon.in/Under-Armour-Hoodie-Marker-XXX-Large/dp/B01EO3NYUG/ref=sr_1_191?qid=1679152729&s=apparel&sr=1-191,4.6,49,,"₹16,367.56"
AWESOME FASHIONS Women's Clutch (Beige),stores,Fashion Sales & Deals,https://m.media-amazon.com/images/I/71Nv76SovbL._AC_UL320_.jpg,https://www.amazon.in/Awesome-Fashions-WomenS-Clutch-Beige/dp/B01EPV4N7K/ref=sr_1_192?qid=1679152729&s=apparel&sr=1-192,3.7,331,₹199,₹999
Lapis O Lupo Women's Sling Bag,stores,Fashion Sales & Deals,https://m.media-amazon.com/images/I/816ucWBjKRL._AC_UL320_.jpg,https://www.amazon.in/Lapis-Lupo-Nwahr-Women-Sling/dp/B0793XW6Y3/ref=sr_1_193?qid=1679152729&s=apparel&sr=1-193,3.8,218,₹692,"₹1,899"
WildHorn� Leather 8.5 inch Sling Messenger Bag for Men I Multipurpose Crossbody Bag I Travel Bag with Adjustable Strap I D...,stores,Fashion Sales & Deals,https://m.media-amazon.com/images/I/81Q033EGX0L._AC_UL320_.jpg,https://www.amazon.in/WildHorn-Leather-Messenger-MB205-1H/dp/B07BW6R8ZF/ref=sr_1_194?qid=1679152729&s=apparel&sr=1-194,3.9,63,"₹1,949","₹4,999"
Under Armour Women's Terry Crop,stores,Fashion Sales & Deals,https://m.media-amazon.com/images/I/6113Cj3e55L._AC_UL320_.jpg,https://www.amazon.in/Under-Armour-Terry-Crop-Steel/dp/B01EIOV28C/ref=sr_1_195?qid=1679152729&s=apparel&sr=1-195,,,,"₹14,398.56"
Diana Korr Women's Wallet (Gold) (DKW15GLD),stores,Fashion Sales & Deals,https://m.media-amazon.com/images/I/91zdfBFPAHL._AC_UL320_.jpg,https://www.amazon.in/Diana-Korr-Womens-Wallet-Gold/dp/B01ITL25Q8/ref=sr_1_196?qid=1679152729&s=apparel&sr=1-196,3.3,26,₹971,"₹1,799"
AWESOME FASHIONS Black & Cream Synthetic Women's Clutch (AF045) (Combo),stores,Fashion Sales & Deals,https://m.media-amazon.com/images/I/31ZiUCBvm6L._AC_UL320_.jpg,https://www.amazon.in/Awesome-Fashions-Womens-Clutch-Combo/dp/B01EPV3XHG/ref=sr_1_197?qid=1679152729&s=apparel&sr=1-197,3.6,488,₹299.99,₹999
Hidesign Women Tote (Blue),stores,Fashion Sales & Deals,https://m.media-amazon.com/images/I/8195jPWUEvL._AC_UL320_.jpg,https://www.amazon.in/Hidesign-leatherWomens-Handbag-KASAI-Blue/dp/B07DJ5XF3W/ref=sr_1_198?qid=1679152729&s=apparel&sr=1-198,4.1,9,"₹8,194","₹8,195"
Bizanne Fashion Women's Vogue PU College Bags Backpacks (Red),stores,Fashion Sales & Deals,https://m.media-amazon.com/images/I/71gcM8WBeGL._AC_UL320_.jpg,https://www.amazon.in/Bizarre-Vogue-Stylish-College-Backpacks/dp/B079P4V2GJ/ref=sr_1_199?qid=1679152729&s=apparel&sr=1-199,3.4,208,₹305,₹590
Under Armour Women's Favorite Fleece Word Mark Popover,stores,Fashion Sales & Deals,https://m.media-amazon.com/images/W/IMAGERENDERING_521856-T1/images/I/51rSzkR240L._AC_UL320_.jpg,https://www.amazon.in/Under-Armour-Womens-Favorite-Popover/dp/B019ZGK4KU/ref=sr_1_197?qid=1679152730&s=apparel&sr=1-197,4.5,113,,"₹8,547.35"
Sleema Fashion Women's Sling Bag,stores,Fashion Sales & Deals,https://m.media-amazon.com/images/W/IMAGERENDERING_521856-T1/images/I/81ylgWG+jDL._AC_UL320_.jpg,https://www.amazon.in/Sleema-fashion-Womens-College-Sling/dp/B07H47JRLR/ref=sr_1_198?qid=1679152730&s=apparel&sr=1-198,3.4,"2,261",₹299,₹999
Butterflies Women Pu Wallet For Ladies and Girls,stores,Fashion Sales & Deals,https://m.media-amazon.com/images/W/IMAGERENDERING_521856-T1/images/I/61E2iGGa0vL._AC_UL320_.jpg,https://www.amazon.in/Butterflies-Womens-Wallet-BNS-2385BL/dp/B06X95ZXRR/ref=sr_1_199?qid=1679152730&s=apparel&sr=1-199,4.1,276,₹384,"₹3,399"
PUMA Women's Puma X Sue Tsai Shorts,stores,Fashion Sales & Deals,https://m.media-amazon.com/images/W/IMAGERENDERING_521856-T1/images/I/81BUUUKvY7L._AC_UL320_.jpg,https://www.amazon.in/PUMA-Womens-Puma-Shorts-Black/dp/B07NPTQQZS/ref=sr_1_200?qid=1679152730&s=apparel&sr=1-200,,,,"₹9,899.01"
Element Cart Women's Handbag (Blue),stores,Fashion Sales & Deals,https://m.media-amazon.com/images/W/IMAGERENDERING_521856-T1/images/I/71UbsDHouAL._AC_UL320_.jpg,https://www.amazon.in/Element-Cart-Material-Color-Women/dp/B078VDZTG7/ref=sr_1_201?qid=1679152730&s=apparel&sr=1-201,3.6,210,₹339,"₹2,249"
Under Armour Men's CoolSwitch Jacquard Polo,stores,Fashion Sales & Deals,https://m.media-amazon.com/images/W/IMAGERENDERING_521856-T1/images/I/61HGHHLJPcL._AC_UL320_.jpg,https://www.amazon.in/Under-Armour-CoolSwitch-Jacquard-X-Large/dp/B0183JOT2O/ref=sr_1_202?qid=1679152730&s=apparel&sr=1-202,4.3,6,,"₹10,077.19"
Butterflies Women Sling Bag,stores,Fashion Sales & Deals,https://m.media-amazon.com/images/W/IMAGERENDERING_521856-T1/images/I/81lWOLmwKEL._AC_UL320_.jpg,https://www.amazon.in/Butterflies-Women-Sling-BNS-B-2038-BL/dp/B0791G1JHV/ref=sr_1_203?qid=1679152730&s=apparel&sr=1-203,3.8,96,₹339,"₹2,299"
PUMA Men's Graphic Logo N.2 Tee,stores,Fashion Sales & Deals,https://m.media-amazon.com/images/W/IMAGERENDERING_521856-T1/images/I/71sFvrRzxzL._AC_UL320_.jpg,https://www.amazon.in/Puma-Mens-Graphic-Logo-Surf/dp/B07H35D93C/ref=sr_1_204?qid=1679152730&s=apparel&sr=1-204,4.0,15,,"₹3,950"
Divu Collections DC's Stylish & Casual Women's Sling Bag,stores,Fashion Sales & Deals,https://m.media-amazon.com/images/W/IMAGERENDERING_521856-T1/images/I/81lBbq0Hf-L._AC_UL320_.jpg,https://www.amazon.in/Divu-Collections-Womens-Beige-Sling/dp/B07DQHL5QG/ref=sr_1_205?qid=1679152730&s=apparel&sr=1-205,3.5,132,₹310,₹499
Under Armour Men's Storm WWP Property of Hoodie,stores,Fashion Sales & Deals,https://m.media-amazon.com/images/W/IMAGERENDERING_521856-T1/images/I/61mWuCsJ-ZL._AC_UL320_.jpg,https://www.amazon.in/Under-Armour-Storm-Property-Hoodie/dp/B0107P8JOG/ref=sr_1_206?qid=1679152730&s=apparel&sr=1-206,4.4,58,,"₹9,899.01"
"AWESOME FASHIONS Women's Clutch, Wallet combo peach and aqua green",stores,Fashion Sales & Deals,https://m.media-amazon.com/images/W/IMAGERENDERING_521856-T1/images/I/71+SJIA-P1L._AC_UL320_.jpg,https://www.amazon.in/Awesome-Fashions-Clutch-Wallet-Combo/dp/B01EPV4H5S/ref=sr_1_207?qid=1679152730&s=apparel&sr=1-207,3.8,371,₹289,₹999
PUMA Men's Iconic MCS Slim Polo,stores,Fashion Sales & Deals,https://m.media-amazon.com/images/W/IMAGERENDERING_521856-T1/images/I/51N8tOkV0ZL._AC_UL320_.jpg,https://www.amazon.in/Puma-Iconic-Cotton-Black-X-Large/dp/B07FGTNCX5/ref=sr_1_208?qid=1679152730&s=apparel&sr=1-208,4.4,31,,"₹8,099.19"
Dfriend Women's Clutch (Gold),stores,Fashion Sales & Deals,https://m.media-amazon.com/images/W/IMAGERENDERING_521856-T1/images/I/81K1trJaVaL._AC_UL320_.jpg,https://www.amazon.in/Dfriend-Womens-Clutch-Gold-D-1-Go/dp/B071CXW4D9/ref=sr_1_209?qid=1679152730&s=apparel&sr=1-209,3.6,350,₹249,₹349
Under Armour Men's Storm Forest Hoodie,stores,Fashion Sales & Deals,https://m.media-amazon.com/images/W/IMAGERENDERING_521856-T1/images/I/31su4boi7jL._AC_UL320_.jpg,https://www.amazon.in/Under-Armour-Forest-Hoodie-Medium/dp/B00GZHAN2C/ref=sr_1_210?qid=1679152730&s=apparel&sr=1-210,5.0,2,,"₹17,996.40"
Mango star Women's Shoulder Bag (Cream),stores,Fashion Sales & Deals,https://m.media-amazon.com/images/W/IMAGERENDERING_521856-T1/images/I/51FSaZd0Y5L._AC_UL320_.jpg,https://www.amazon.in/Mango-Star-Womens-Cream-Sling/dp/B07FFTYLRN/ref=sr_1_211?qid=1679152730&s=apparel&sr=1-211,3.7,107,₹319,₹999
PUMA Golf Women's 2019 Super Soft Polo,stores,Fashion Sales & Deals,https://m.media-amazon.com/images/W/IMAGERENDERING_521856-T1/images/I/81SgNQF+TTL._AC_UL320_.jpg,https://www.amazon.in/Puma-Womens-Super-Black-Heather/dp/B07F43HKVF/ref=sr_1_212?qid=1679152730&s=apparel&sr=1-212,4.4,6,,"₹4,497.75"
Gracetop Women's Handbag,stores,Fashion Sales & Deals,https://m.media-amazon.com/images/W/IMAGERENDERING_521856-T1/images/I/31f0EzYRDfL._AC_UL320_.jpg,https://www.amazon.in/Gracetop-Womens-Handbag-Pink-5Gla-Pink/dp/B013I2Z5OC/ref=sr_1_216?qid=1679152730&s=apparel&sr=1-216,3.7,699,₹299,₹899
Lychee Bags Women's Blue Canvas Lucy Backpack,stores,Fashion Sales & Deals,https://m.media-amazon.com/images/W/IMAGERENDERING_521856-T1/images/I/81Hy24yWOLL._AC_UL320_.jpg,https://www.amazon.in/Lychee-Bags-Womens-Canvas-Backpack/dp/B01LZA5O1Z/ref=sr_1_217?qid=1679152730&s=apparel&sr=1-217,4.2,349,₹799,"₹1,999"
Under Armour Men's Ignite Crew Socks,stores,Fashion Sales & Deals,https://m.media-amazon.com/images/W/IMAGERENDERING_521856-T1/images/I/813CkQqzonL._AC_UL320_.jpg,https://www.amazon.in/Under-Armour-Ignite-Socks-Medium/dp/B00BWAN5RW/ref=sr_1_218?qid=1679152730&s=apparel&sr=1-218,4.7,62,,"₹3,950"
Hidesign Women's Leather Wallet (Midnight Blue Lobster),stores,Fashion Sales & Deals,https://m.media-amazon.com/images/W/IMAGERENDERING_521856-T1/images/I/815yMc4xMRL._AC_UL320_.jpg,https://www.amazon.in/Hidesign-Womens-Wallet-Midnight-Lobster/dp/B072KR2YJB/ref=sr_1_219?qid=1679152730&s=apparel&sr=1-219,4.2,49,,
PUMA Women's Xtg Leggings,stores,Fashion Sales & Deals,https://m.media-amazon.com/images/W/IMAGERENDERING_521856-T1/images/I/51UOipit9YL._AC_UL320_.jpg,https://www.amazon.in/Puma-Womens-XTG-Leggings-Hibiscus/dp/B07DXXKJG9/ref=sr_1_220?qid=1679152730&s=apparel&sr=1-220,3.9,27,,"₹8,450.15"
sugarcrush Women's Clutch,stores,Fashion Sales & Deals,https://m.media-amazon.com/images/W/IMAGERENDERING_521856-T1/images/I/91j7CI11ewL._AC_UL320_.jpg,https://www.amazon.in/sugarcrush-Womens-Clutch-Detachable-Sling/dp/B07CYT6Q25/ref=sr_1_221?qid=1679152730&s=apparel&sr=1-221,4.1,219,₹899,"₹1,999"
Under Armour Men's Tactical Charged Cotton,stores,Fashion Sales & Deals,https://m.media-amazon.com/images/W/IMAGERENDERING_521856-T1/images/I/81rPspxOx1L._AC_UL320_.jpg,https://www.amazon.in/Under-Armour-Tactical-Charged-Cotton/dp/B008GRH22I/ref=sr_1_222?qid=1679152730&s=apparel&sr=1-222,4.3,174,,"₹3,950"
Mango star Women's Shoulder Bag (Pink),stores,Fashion Sales & Deals,https://m.media-amazon.com/images/W/IMAGERENDERING_521856-T1/images/I/71imKH5DFWL._AC_UL320_.jpg,https://www.amazon.in/Womens-Maroon-Synthetic-Leather-Handbag/dp/B073YR475S/ref=sr_1_223?qid=1679152730&s=apparel&sr=1-223,3.6,285,₹298,"₹1,299"
Belladona Women's Cotton Mirror Work Clutch (Black),stores,Fashion Sales & Deals,https://m.media-amazon.com/images/W/IMAGERENDERING_521856-T1/images/I/41WNNizlmmL._AC_UL320_.jpg,https://www.amazon.in/Belladona-Womens-Cotton-Black-Mirror/dp/B0784WH5S5/ref=sr_1_224?qid=1679152730&s=apparel&sr=1-224,4.2,126,₹199,₹899
iGypsy Women's Shoulder Bag,stores,Fashion Sales & Deals,https://m.media-amazon.com/images/W/IMAGERENDERING_521856-T1/images/I/71X3mmRMfqL._AC_UL320_.jpg,https://www.amazon.in/iGypsy-Womens-Handbag-Maroon-HBAG1506033/dp/B0188GPZQ6/ref=sr_1_225?qid=1679152730&s=apparel&sr=1-225,3.5,313,₹289,₹999
Vivinkaa Women's Sling Bag,stores,Fashion Sales & Deals,https://m.media-amazon.com/images/W/IMAGERENDERING_521856-T1/images/I/81Rils9+HRL._AC_UL320_.jpg,https://www.amazon.in/Vivinkaa-Womens-Sling-Bag-Blue/dp/B015CPHRP8/ref=sr_1_226?qid=1679152730&s=apparel&sr=1-226,3.8,452,₹379,₹899
CAPRESE Kiko Pink Faux Leather Women's Wallet (WTKIKLGPNK),stores,Fashion Sales & Deals,https://m.media-amazon.com/images/W/IMAGERENDERING_521856-T1/images/I/9172iVE35SL._AC_UL320_.jpg,https://www.amazon.in/Caprese-Kiko-Womens-Wallet-Pink/dp/B07D3XK6KZ/ref=sr_1_227?qid=1679152730&s=apparel&sr=1-227,4.1,107,₹999,"₹1,499"
cuzdan Women's Sling Bag,stores,Fashion Sales & Deals,https://m.media-amazon.com/images/W/IMAGERENDERING_521856-T1/images/I/81FTHPjMyfL._AC_UL320_.jpg,https://www.amazon.in/cuzdan-Mens-Brown-Synthetic-Messenger/dp/B06XYL18VY/ref=sr_1_228?qid=1679152730&s=apparel&sr=1-228,4.0,142,"₹1,293","₹2,999"
Puma Women's Plain T-Shirt,stores,Fashion Sales & Deals,https://m.media-amazon.com/images/W/IMAGERENDERING_521856-T1/images/I/71nRoJ07jxL._AC_UL320_.jpg,https://www.amazon.in/Puma-Womens-Plain-T-Shirt-59076701_Black_S/dp/B01N2I769B/ref=sr_1_229?qid=1679152730&s=apparel&sr=1-229,3.8,12,,"₹2,499"
KAWTRA Women's Handbag,stores,Fashion Sales & Deals,https://m.media-amazon.com/images/W/IMAGERENDERING_521856-T1/images/I/41-XHrEzhRL._AC_UL320_.jpg,https://www.amazon.in/KAWTRA-Womens-Handbag-Peach-KBAGS-039/dp/B075P32TYV/ref=sr_1_230?qid=1679152730&s=apparel&sr=1-230,3.5,450,₹299,₹999
Hidesign Women's Handbag (Orange),stores,Fashion Sales & Deals,https://m.media-amazon.com/images/W/IMAGERENDERING_521856-T1/images/I/81Yns613xXL._AC_UL320_.jpg,https://www.amazon.in/Hidesign-GEMINI-02-ANDORA-SNAKE-Handbag/dp/B0773TMH7G/ref=sr_1_231?qid=1679152730&s=apparel&sr=1-231,3.6,15,"₹3,684","₹8,395"
H&B Women's Tote Bag (LNH-keep swimming_Blue),stores,Fashion Sales & Deals,https://m.media-amazon.com/images/W/IMAGERENDERING_521856-T1/images/I/81rxqw7IeEL._AC_UL320_.jpg,https://www.amazon.in/Womens-Blue-Jute-Lunch-Inch/dp/B07BZMRHW1/ref=sr_1_232?qid=1679152730&s=apparel&sr=1-232,3.9,97,₹350,₹599
Lavie Enmesh Women's Large Tote (Camel),stores,Fashion Sales & Deals,https://m.media-amazon.com/images/W/IMAGERENDERING_521856-T1/images/I/514w9DQ4ZdL._AC_UL320_.jpg,https://www.amazon.in/Lavie-HPEP376060K4-Womens-Handbag-Camel/dp/B06Y5SDDN3/ref=sr_1_233_mod_primary_new?qid=1679152730&s=apparel&sbo=RZvfv%2F%2FHxDF%2BO5021pAnSA%3D%3D&sr=1-233,3.9,80,"₹1,756.55","₹4,260"
"MIMISKU backpack set with backpack, sling bag, wallet and coin pouch with key chain",stores,Fashion Sales & Deals,https://m.media-amazon.com/images/W/IMAGERENDERING_521856-T1/images/I/61PIdnlD-NL._AC_UL320_.jpg,https://www.amazon.in/Mimisku-Womens-Backpack-Sling-Metallic/dp/B07F484WPW/ref=sr_1_234?qid=1679152730&s=apparel&sr=1-234,3.5,160,₹700,"₹1,000"
"RITUPAL COLLECTION - Identify Your Look, Define Your Style Women's Shoulder Bag",stores,Fashion Sales & Deals,https://m.media-amazon.com/images/W/IMAGERENDERING_521856-T1/images/I/81EU4v0mt-L._AC_UL320_.jpg,https://www.amazon.in/RITUPAL-COLLECTION-Identify-Define-Handbag/dp/B079KGHP2T/ref=sr_1_235?qid=1679152730&s=apparel&sr=1-235,3.3,263,₹399,₹999
CAPRESE Kiko Pink Faux Leather Women's Wallet (WTKIKMDPNK),stores,Fashion Sales & Deals,https://m.media-amazon.com/images/W/IMAGERENDERING_521856-T1/images/I/91fcQhZlxhL._AC_UL320_.jpg,https://www.amazon.in/Caprese-Kiko-Womens-Wallet-Pink/dp/B07D3Y42MH/ref=sr_1_236?qid=1679152730&s=apparel&sr=1-236,4.2,138,₹895,"₹1,249"
AWESOME FASHIONS Women's Sling Bag (AF061_Pink),stores,Fashion Sales & Deals,https://m.media-amazon.com/images/W/IMAGERENDERING_521856-T1/images/I/613xuwUSVkL._AC_UL320_.jpg,https://www.amazon.in/Awesome-Fashions-Womens-sling-side/dp/B01EPV4IKC/ref=sr_1_237?qid=1679152730&s=apparel&sr=1-237,3.9,269,₹275,"₹1,199"
Caprese Women's Wallet (Grey),stores,Fashion Sales & Deals,https://m.media-amazon.com/images/W/IMAGERENDERING_521856-T1/images/I/610VUCLDKXL._AC_UL320_.jpg,https://www.amazon.in/Caprese-WTSUELGGRY-Womens-Wallet-Grey/dp/B075T34KNX/ref=sr_1_238?qid=1679152730&s=apparel&sr=1-238,3.5,8,₹870,"₹1,249"
"Mango star Women's Leather Handbag (MS310, Black)",stores,Fashion Sales & Deals,https://m.media-amazon.com/images/W/IMAGERENDERING_521856-T1/images/I/51DY6dn1T9L._AC_UL320_.jpg,https://www.amazon.in/Mango-star-Womens-Leather-Handbag/dp/B07BGX9J3F/ref=sr_1_239?qid=1679152730&s=apparel&sr=1-239,3.3,47,₹368,₹999
Hidesign Women's Tote Bag (Red),stores,Fashion Sales & Deals,https://m.media-amazon.com/images/W/IMAGERENDERING_521856-T1/images/I/914bb6zcUFL._AC_UL320_.jpg,https://www.amazon.in/Hidesign-Womens-Handbag-Red-BRN/dp/B0778M8PK4/ref=sr_1_240?qid=1679152730&s=apparel&sr=1-240,3.1,7,"₹8,299","₹10,195"
Hidesign Women's Tote Bag (Blue),stores,Fashion Sales & Deals,https://m.media-amazon.com/images/W/IMAGERENDERING_521856-T1/images/I/81p8fwIm1uL._AC_UL320_.jpg,https://www.amazon.in/Hidesign-VIRGO-01-SNAKE-MELBOURNE-RANCH/dp/B0773R9PZT/ref=sr_1_241?qid=1679152730&s=apparel&sr=1-241,3.6,14,"₹4,639","₹8,995"
Butterflies Women's Super Saver Combo (BNS WB0280),stores,Fashion Sales & Deals,https://m.media-amazon.com/images/W/IMAGERENDERING_521856-T1/images/I/61oRtBR2BWL._AC_UL320_.jpg,https://www.amazon.in/Butterflies-Womens-Combo-Handbag-Wallet/dp/B073WMW1DD/ref=sr_1_242?qid=1679152730&s=apparel&sr=1-242,3.9,55,"₹1,399","₹6,499"
Caprese Women's Wallet,stores,Fashion Sales & Deals,https://m.media-amazon.com/images/W/IMAGERENDERING_521856-T1/images/I/81mGgTaMDIL._AC_UL320_.jpg,https://www.amazon.in/Caprese-Kiko-Womens-Wallet-Beige/dp/B07D3VQ2V8/ref=sr_1_243?qid=1679152730&s=apparel&sr=1-243,4.2,200,₹895,"₹1,499"
Butterflies Women's Super Saver Combo (Purple) (BNS WB0104),stores,Fashion Sales & Deals,https://m.media-amazon.com/images/W/IMAGERENDERING_521856-T1/images/I/61SQmCNV-KL._AC_UL320_.jpg,https://www.amazon.in/Butterflies-BNS-WB0104-Womens-Handbag/dp/B01N3LP2P3/ref=sr_1_244?qid=1679152730&s=apparel&sr=1-244,3.9,61,"₹1,439","₹7,799"
"RITUPAL COLLECTION - Identify Your Look, Define Your Style Women's Sling Bag",stores,Fashion Sales & Deals,https://m.media-amazon.com/images/W/IMAGERENDERING_521856-T1/images/I/814R6sjEE8L._AC_UL320_.jpg,https://www.amazon.in/RITUPAL-COLLECTION-Identify-Define-Womens/dp/B079KG741W/ref=sr_1_245?qid=1679152730&s=apparel&sr=1-245,3.4,183,₹399,₹999
CLASSIC FASHION Women's Shoulder Bag (cfs0154 bol_Multicolored),stores,Fashion Sales & Deals,https://m.media-amazon.com/images/W/IMAGERENDERING_521856-T1/images/I/71RPxMpcveL._AC_UL320_.jpg,https://www.amazon.in/CLASSIC-FASHION-Handbag-Multicolor-Cfs0154/dp/B01NAMYA8S/ref=sr_1_246?qid=1679152730&s=apparel&sr=1-246,3.5,150,₹779,"₹4,239"
TIP-TOP FASHION Women's Handbag (Pink),stores,Fashion Sales & Deals,https://m.media-amazon.com/images/W/IMAGERENDERING_521856-T1/images/I/61htGDaI6LL._AC_UL320_.jpg,https://www.amazon.in/WOMEN-HANDBAGS-VERY-BEAUTIFUL-COLOR/dp/B07BVJ1C6H/ref=sr_1_247?qid=1679152730&s=apparel&sr=1-247,3.6,83,₹299,₹899
Pynk Fashion Women's Handbag (Peach),stores,Fashion Sales & Deals,https://m.media-amazon.com/images/I/71WH35le+7L._AC_UL320_.jpg,https://www.amazon.in/Pynk-Fashion-Womens-Handbag-Peach/dp/B075QKHC9R/ref=sr_1_245?qid=1679152732&s=apparel&sr=1-245,3.5,174,₹399,"₹1,599"
Diana Korr Women's Handbag (Blue) (DK08HBLU),stores,Fashion Sales & Deals,https://m.media-amazon.com/images/I/A1uWnX+aPyL._AC_UL320_.jpg,https://www.amazon.in/Diana-Korr-Womens-Handbag-Blue/dp/B01KXRVKSA/ref=sr_1_246?qid=1679152732&s=apparel&sr=1-246,3.9,113,,
H&B Women's Tote Bag (LNH-WAVE-BLK_Black),stores,Fashion Sales & Deals,https://m.media-amazon.com/images/I/71WqiuKQqBL._AC_UL320_.jpg,https://www.amazon.in/Multipurpose-Waterproof-Shopping-HandBag-Multicolour/dp/B06XT26Z3T/ref=sr_1_247?qid=1679152732&s=apparel&sr=1-247,3.7,43,₹269,₹999
Hidesign Women's Wallet (Red Midnight Blue),stores,Fashion Sales & Deals,https://m.media-amazon.com/images/I/81O7TinqlwL._AC_UL320_.jpg,https://www.amazon.in/Hidesign-EOSS-Womens-Wallet-Midnight/dp/B0721X8R14/ref=sr_1_248?qid=1679152732&s=apparel&sr=1-248,4.4,21,"₹2,695.15","₹2,895"
Lychee bags Canvas Katie Sling for Girls (Purple),stores,Fashion Sales & Deals,https://m.media-amazon.com/images/I/91rjlJKX+pL._AC_UL320_.jpg,https://www.amazon.in/Lychee-Womens-Sling-Beige-Lbhbcp19Po/dp/B017ETLNMS/ref=sr_1_249?qid=1679152732&s=apparel&sr=1-249,3.6,148,₹490,"₹1,199"
Redlicchi Women's PU Casual Purse Fashion School Leather Backpack Shoulder Bag Mini Backpack for Women & Girls,stores,Fashion Sales & Deals,https://m.media-amazon.com/images/I/61A7ASO2KBL._AC_UL320_.jpg,https://www.amazon.in/Redlicchi-Fashion-Leather-Backpack-Shoulder/dp/B07BF9CBSJ/ref=sr_1_250?qid=1679152732&s=apparel&sr=1-250,3.3,95,₹329,₹999
Vivinkaa Star Red Canvas Sling Bag for Women,stores,Fashion Sales & Deals,https://m.media-amazon.com/images/I/71RWb7VerZL._AC_UL320_.jpg,https://www.amazon.in/Vivinkaa-Womens-Sling-Bag-Red/dp/B01B0KIGNQ/ref=sr_1_251?qid=1679152732&s=apparel&sr=1-251,3.8,105,₹379,₹899
CLASSIC FASHION Women's Handbag With Wallet (Set of 2) (CFSN43_Multicolored),stores,Fashion Sales & Deals,https://m.media-amazon.com/images/I/81rEsZWk3ML._AC_UL320_.jpg,https://www.amazon.in/Classic-Fashion-Black-Handbag-Wallet/dp/B079WKZ8N7/ref=sr_1_252?qid=1679152732&s=apparel&sr=1-252,3.4,41,₹999,"₹6,599"
Butterflies Synthetic Women's Wallet,stores,Fashion Sales & Deals,https://m.media-amazon.com/images/I/51OWXmvqjnL._AC_UL320_.jpg,https://www.amazon.in/Butterflies-Womens-Wallet-BNS-2040/dp/B00IJ8CKBW/ref=sr_1_253?qid=1679152732&s=apparel&sr=1-253,4.2,731,₹399,"₹1,299"
"H&B Jute Waterproof Lunch Bag for Men and Women, 11x9x6-inches(Multicolour)",stores,Fashion Sales & Deals,https://m.media-amazon.com/images/I/71thFs3HyyL._AC_UL320_.jpg,https://www.amazon.in/Waterproof-Lunch-Women-11x9x6-inches-Multicolour/dp/B06XWBBM66/ref=sr_1_254?qid=1679152732&s=apparel&sr=1-254,3.5,28,₹299,₹899
Diana Korr Myra Women's Handbag (Blue) (DK29HBLU),stores,Fashion Sales & Deals,https://m.media-amazon.com/images/I/A10A4kQIikL._AC_UL320_.jpg,https://www.amazon.in/Diana-Korr-Womens-Handbags-Blue/dp/B019OC4YBA/ref=sr_1_255?qid=1679152732&s=apparel&sr=1-255,3.4,74,"₹2,051","₹3,999"
Diana Korr Women's Handbag (Beige) (DK26HAPR),stores,Fashion Sales & Deals,https://m.media-amazon.com/images/I/71j73V2WMUL._AC_UL320_.jpg,https://www.amazon.in/Diana-Korr-Womens-Handbag-DK26HAPR/dp/B00U2IF8M0/ref=sr_1_256?qid=1679152732&s=apparel&sr=1-256,3.9,59,"₹2,051","₹3,999"
Hidesign Women's Wallet (White and M Blue),stores,Fashion Sales & Deals,https://m.media-amazon.com/images/I/71R16cIAhHL._AC_UL320_.jpg,https://www.amazon.in/Hidesign-Womens-Wallet-White-Blue/dp/B07BSV8FTM/ref=sr_1_257?qid=1679152732&s=apparel&sr=1-257,4.4,24,"₹1,979","₹3,595"
DUCHESS Women's Black Box Clutch,stores,Fashion Sales & Deals,https://m.media-amazon.com/images/I/81UwI0OWD6L._AC_UL320_.jpg,https://www.amazon.in/DUCHESS-Womens-Rose-Gold-Clutch/dp/B01APAOV7M/ref=sr_1_258?qid=1679152732&s=apparel&sr=1-258,3.5,67,₹347,"₹2,199"
Lorna Premium PU Leather Girl's/Women's Handbag And Wallet Clutch Combo (Peach Color),stores,Fashion Sales & Deals,https://m.media-amazon.com/images/I/41lStNXWKyL._AC_UL320_.jpg,https://www.amazon.in/Lorna-Premium-Leather-Womens-Handbag/dp/B075F8M7T1/ref=sr_1_259?qid=1679152732&s=apparel&sr=1-259,3.4,63,₹599,"₹1,499"
Lee Uniforms Men's Slim Straight 5 Pocket Pant,stores,Fashion Sales & Deals,https://m.media-amazon.com/images/I/71bHyElX2-L._AC_UL320_.jpg,https://www.amazon.in/Lee-Uniforms-Straight-Pocket-42x30/dp/B00CESFP9M/ref=sr_1_260?qid=1679152732&s=apparel&sr=1-260,4.0,584,"₹6,748.85","₹10,798.16"
Caprese Austria Satchel Large Burgundy,stores,Fashion Sales & Deals,https://m.media-amazon.com/images/I/61TDeKw6V+L._AC_UL320_.jpg,https://www.amazon.in/Caprese-Austria-Womens-Satchel-Burgundy/dp/B07G1B9Z7Q/ref=sr_1_264?qid=1679152732&s=apparel&sr=1-264,3.8,21,"₹2,190","₹4,999"
"Fristo Women's Handbag (FRB-031, Pink and Blue)",stores,Fashion Sales & Deals,https://m.media-amazon.com/images/I/61Qn1d1sM1L._AC_UL320_.jpg,https://www.amazon.in/Fristo-Womens-Handbag-FRB-031-Pink/dp/B01MS0JOI2/ref=sr_1_265?qid=1679152732&s=apparel&sr=1-265,3.8,57,₹699,"₹2,399"
Diana Korr Women's Handbag (Grey),stores,Fashion Sales & Deals,https://m.media-amazon.com/images/I/51RI6xwW-IL._AC_UL320_.jpg,https://www.amazon.in/Diana-Korr-Womens-Handbag-Grey/dp/B07CBDRMZ8/ref=sr_1_266_mod_primary_new?qid=1679152732&s=apparel&sbo=RZvfv%2F%2FHxDF%2BO5021pAnSA%3D%3D&sr=1-266,3.5,31,"₹1,999","₹3,599"
Flora Women's Clutch (Set of 2) (FLORA-092_Red),stores,Fashion Sales & Deals,https://m.media-amazon.com/images/I/71CGTE-2jwL._AC_UL320_.jpg,https://www.amazon.in/Flora-Premium-Leather-Womens-Wallet/dp/B072JHN773/ref=sr_1_267?qid=1679152732&s=apparel&sr=1-267,3.8,42,₹325,"₹1,099"
Mango Star Stylish And Trendy Shoulders Hand Beg With Combo Offer PU Leather Material For Women's (Black),stores,Fashion Sales & Deals,https://m.media-amazon.com/images/I/81GuteVZDML._AC_UL320_.jpg,https://www.amazon.in/Mango-Premium-Leather-Womens-Handbag/dp/B07DDLN1MT/ref=sr_1_268?qid=1679152732&s=apparel&sr=1-268,3.2,47,₹448,"₹1,299"
JaisBoy Messenger Bags Genuine PU Leather Bag - Cross Body Shoulder Side Bag for Mens/Womens/Girls (Black),stores,Fashion Sales & Deals,https://m.media-amazon.com/images/I/51QLBh5MCdL._AC_UL320_.jpg,https://www.amazon.in/JaisBoy-Messenger-Bags-Genuine-Leather/dp/B071V5GJQ7/ref=sr_1_269?qid=1679152732&s=apparel&sr=1-269,3.5,51,₹498,"₹1,499"
Under Armour Men's Hockey Liner Socks (1 Pair),stores,Fashion Sales & Deals,https://m.media-amazon.com/images/I/817vAPTNVTL._AC_UL320_.jpg,https://www.amazon.in/Under-Armour-Hockey-Liner-Medium/dp/B003RZ8H96/ref=sr_1_270?qid=1679152732&s=apparel&sr=1-270,4.0,20,,"₹3,950"
Diana Korr Women's Handbag (Pink) (DK12HPIN00),stores,Fashion Sales & Deals,https://m.media-amazon.com/images/I/51U16m4xTvL._AC_UL320_.jpg,https://www.amazon.in/Diana-Korr-Womens-Handbag-Pink/dp/B01084PD3Q/ref=sr_1_271?qid=1679152732&s=apparel&sr=1-271,3.4,24,"₹1,499","₹3,599"
Yelloe Women's Messenger Bag,stores,Fashion Sales & Deals,https://m.media-amazon.com/images/I/41n6cFzjXtL._AC_UL320_.jpg,https://www.amazon.in/Yelloe-Synthetic-Messenger-Bag-Men/dp/B071JTQYVV/ref=sr_1_272?qid=1679152732&s=apparel&sr=1-272,4.0,65,₹892,"₹1,990"
CLASSIC FASHION Women's Handbag (cfs0177_Multicolored),stores,Fashion Sales & Deals,https://m.media-amazon.com/images/I/61P5JsqQL9L._AC_UL320_.jpg,https://www.amazon.in/CLASSIC-FASHION-Shoulder-Multicolour-cfs0177/dp/B01MU4P92N/ref=sr_1_273?qid=1679152732&s=apparel&sr=1-273,3.6,36,₹864,"₹2,999"
Diana Korr Women's Wallet (Pink) (DKW12LPNK),stores,Fashion Sales & Deals,https://m.media-amazon.com/images/I/A1TgaArR5kL._AC_UL320_.jpg,https://www.amazon.in/Diana-Korr-Womens-Wallet-Pink/dp/B015MY5YFY/ref=sr_1_274?qid=1679152732&s=apparel&sr=1-274,3.7,41,,"₹1,799"
Diana Korr Women's Handbag (Tan) (DK10HNUD00),stores,Fashion Sales & Deals,https://m.media-amazon.com/images/I/91mDwo6JeoL._AC_UL320_.jpg,https://www.amazon.in/Diana-Korr-Womens-Handbag-Tan/dp/B01084OJNQ/ref=sr_1_275?qid=1679152732&s=apparel&sr=1-275,3.4,52,"₹2,051","₹3,999"
Mango star Women's PU Sling Bag and Clutch Combo(Maroon),stores,Fashion Sales & Deals,https://m.media-amazon.com/images/I/81XFfDbHA7L._AC_UL320_.jpg,https://www.amazon.in/Mango-star-Womens-Clutch-Maroon/dp/B07DDKGFV2/ref=sr_1_276?qid=1679152732&s=apparel&sr=1-276,3.5,40,₹468,"₹1,199"
Mango Star Stylish And Trendy Shoulders Hand Beg With Combo PU Leather Material For Women's (Green),stores,Fashion Sales & Deals,https://m.media-amazon.com/images/I/61BqpNxC8hL._AC_UL320_.jpg,https://www.amazon.in/mango-star-Stylish-Clutch-Womens/dp/B079D2MJ71/ref=sr_1_277?qid=1679152732&s=apparel&sr=1-277,3.2,32,₹548,"₹1,499"
WildHorn Detachable Credit Card Holder Men's Leather Wallet Blue,stores,Fashion Sales & Deals,https://m.media-amazon.com/images/I/81ZUvtupX+L._AC_UL320_.jpg,https://www.amazon.in/WildHorn-Genuine-Leather-Wallet-WH271/dp/B00OXU1XIQ/ref=sr_1_278?qid=1679152732&s=apparel&sr=1-278,4.0,47,₹540,"₹1,499"
Vivinkaa Ethnic Printed Blu Flower Tote Bag With Zip for Women,stores,Fashion Sales & Deals,https://m.media-amazon.com/images/I/71vS8f1i3ML._AC_UL320_.jpg,https://www.amazon.in/Vivinkaa-Womens-Ethnic-Printed-ETHNTOTEBLUFLWR/dp/B077WWL8XM/ref=sr_1_279?qid=1679152732&s=apparel&sr=1-279,3.5,18,₹799,"₹1,899"
pranjals house Leather Unisex Sling & Cross-Body Bag Brown Size 11 Inch,stores,Fashion Sales & Deals,https://m.media-amazon.com/images/I/61+gOox6U2L._AC_UL320_.jpg,https://www.amazon.in/pranjals-house-Leather-Cross-Body-Unisex/dp/B07117TD5S/ref=sr_1_280?qid=1679152732&s=apparel&sr=1-280,3.9,47,"₹1,297","₹2,999"
Hidesign Women's Wallet (Blue),stores,Fashion Sales & Deals,https://m.media-amazon.com/images/I/91foWL4swkL._AC_UL320_.jpg,https://www.amazon.in/Hidesign-leather-Womens-ANGARA-W1/dp/B07DHPY54B/ref=sr_1_281?qid=1679152732&s=apparel&sr=1-281,4.2,7,"₹1,798","₹3,395"
Tooba Women's Clutch (Beige),stores,Fashion Sales & Deals,https://m.media-amazon.com/images/I/91TeI3Don-L._AC_UL320_.jpg,https://www.amazon.in/Tooba-Womens-Handicraft-Embroidered-Clutch/dp/B07GFHW1WN/ref=sr_1_282?qid=1679152732&s=apparel&sr=1-282,3.4,28,₹899,"₹2,999"
"RITUPAL COLLECTION - Identify Your Look, Define Your Style Women shoulder handbag (brown tote)",stores,Fashion Sales & Deals,https://m.media-amazon.com/images/I/71Yq-lrO8ML._AC_UL320_.jpg,https://www.amazon.in/RITUPAL-COLLECTION-Identify-Shoulder-Handbag/dp/B0768KQKQC/ref=sr_1_283?qid=1679152732&s=apparel&sr=1-283,3.7,12,₹399,₹999
Stella Ricci Women's Shoulder Bag (Blue) (SR107HBLU),stores,Fashion Sales & Deals,https://m.media-amazon.com/images/I/91UAc7p41JL._AC_UL320_.jpg,https://www.amazon.in/Stella-Ricci-Womens-Shoulder-Blue/dp/B01AAFC1ZG/ref=sr_1_284?qid=1679152732&s=apparel&sr=1-284,3.7,20,"₹1,187","₹3,580"
Hidesign Women Wallet (Tan),stores,Fashion Sales & Deals,https://m.media-amazon.com/images/I/91u7ngfyl4L._AC_UL320_.jpg,https://www.amazon.in/Hidesign-leather-Womens-MACKENZIEW-W1/dp/B07DJ62S6M/ref=sr_1_285?qid=1679152732&s=apparel&sr=1-285,4.4,7,"₹1,549","₹3,395"
Lavie HYPATIA LG EW TOTE,stores,Fashion Sales & Deals,https://m.media-amazon.com/images/I/61Gdf4AjjzL._AC_UL320_.jpg,https://www.amazon.in/Lavie-Hypatia-Womens-Handbag-Blue/dp/B07CTTQFJ7/ref=sr_1_286?qid=1679152732&s=apparel&sr=1-286,4.5,12,"₹1,265","₹4,090"
Caprese Women's Wallet (Muted Mauve),stores,Fashion Sales & Deals,https://m.media-amazon.com/images/I/71KuhMG8jbL._AC_UL320_.jpg,https://www.amazon.in/Caprese-Womens-Wallet-Muted-Mauve/dp/B075T4S9MH/ref=sr_1_287?qid=1679152732&s=apparel&sr=1-287,3.8,14,"₹1,170","₹1,199"
Giordano Women's Wallet,stores,Fashion Sales & Deals,https://m.media-amazon.com/images/I/51x6EZW60ZL._AC_UL320_.jpg,https://www.amazon.in/Giordano-WX1601005RD-Womens-Wallet-RED/dp/B07G9GLM5C/ref=sr_1_288?qid=1679152732&s=apparel&sr=1-288,3.9,11,"₹1,616","₹2,500"
Caprese Womens Zip Closure Tote Handbag,stores,Fashion Sales & Deals,https://m.media-amazon.com/images/I/91eMGXsjsqL._AC_UL320_.jpg,https://www.amazon.in/Caprese-Womens-Tote-Bag-Ochre/dp/B072N8KNQQ/ref=sr_1_289?qid=1679152732&s=apparel&sr=1-289,3.7,141,"₹1,699","₹4,299"
"new balance Women's 005V1 Sneaker, Grey, Size 6.0",stores,Fashion Sales & Deals,https://m.media-amazon.com/images/I/71XuEwrF+lL._AC_UL320_.jpg,https://www.amazon.in/new-balance-Womens-005V1-Sneaker/dp/B075R7286N/ref=sr_1_290?qid=1679152732&s=apparel&sr=1-290,5.0,1,,"₹10,780.92"
new balance Women's Q118 FTWR 6 M US Grey,stores,Fashion Sales & Deals,https://m.media-amazon.com/images/I/71ycD8elvdL._AC_UL320_.jpg,https://www.amazon.in/new-balance-Womens-Q118-FTWR/dp/B06XX943J5/ref=sr_1_291?qid=1679152732&s=apparel&sr=1-291,5.0,1,,"₹10,789.92"
New Balance Women&#39;s Wrl247ss,stores,Fashion Sales & Deals,https://m.media-amazon.com/images/I/71ycD8elvdL._AC_UL320_.jpg,https://www.amazon.in/new-balance-WRL247SY-Balance-Wrl247ss/dp/B06XX8Q9S9/ref=sr_1_292?qid=1679152732&s=apparel&sr=1-292,5.0,1,,"₹9,891.81"
new balance Women's Q118 FTWR 7 M US Grey,stores,Fashion Sales & Deals,https://m.media-amazon.com/images/I/71ycD8elvdL._AC_UL320_.jpg,https://www.amazon.in/new-balance-Womens-Q118-FTWR/dp/B06XWYBWDP/ref=sr_1_293?qid=1679152732&s=apparel&sr=1-293,5.0,2,,"₹13,491.45"
Balance Boys' 247,stores,Fashion Sales & Deals,https://m.media-amazon.com/images/I/91fflpAVk+L._AC_UL320_.jpg,https://www.amazon.in/Balance-Boys-Pink-White-White-Black/dp/B06XJXQQCS/ref=sr_1_294?qid=1679152732&s=apparel&sr=1-294,,,,"₹10,780.92"
UNDER ARMOUR Men's Ua Veloce Mid Suede Hi Top Trainers 1296614 Sneakers Shoes Black Black Black 001,stores,Fashion Sales & Deals,https://m.media-amazon.com/images/I/81CrYxQR7cL._AC_UL320_.jpg,https://www.amazon.in/Under-Armour-Trainers-1296614-Sneakers/dp/B01M3P481L/ref=sr_1_295?qid=1679152732&s=apparel&sr=1-295,3.0,1,,"₹21,054.29"
